"site_id","parcel_id","field_id","lat","lon","site.pft","WRF_grid_cell","ERA5_grid_cell","id"
"328163","328163","328163","38.09936","-121.50154","corn","x50_y57","38N_121.5W","328163"
"26336","26336","26336","36.17114","-120.19718","woody_perennial","x49_y51","36N_120W","26336"
"565118","565118","565118","38.10958","-121.53613","row","x50_y57","38N_121.5W","565118"
"159849","159849","159849","36.94729","-120.10535","woody_perennial","x50_y53","37N_120W","159849"
"522375","522375","522375","32.81281","-115.44207","alfalfa","x52_y39","33N_115.5W","522375"
"534243","534243","534243","36.1778","-120.20411","woody_perennial","x49_y51","36N_120W","534243"
"205678","205678","205678","38.13153","-121.55174","row","x50_y57","38N_121.5W","205678"
"169473","169473","169473","36.23738","-119.92755","woody_perennial","x50_y51","36N_120W","169473"
"592578","592578","592578","38.13799","-121.51401","row","x50_y57","38N_121.5W","592578"
"557284","557284","557284","36.82778","-120.13963","row","x50_y53","37N_120W","557284"
"413887","413887","413887","38.12346","-121.54982","soil","x50_y57","38N_121.5W","413887"
"590334","590334","590334","36.35733","-119.09283","woody_perennial","x51_y50","36.5N_119W","590334"
"440393","440393","440393","39.57712","-121.86221","woody_perennial","x51_y60","39.5N_122W","440393"
"16073","16073","16073","38.50244","-121.97646","soil","x50_y58","38.5N_122W","16073"
"420343","420343","420343","37.69949","-121.1391","woody_perennial","x50_y55","37.5N_121W","420343"
"415399","415399","415399","33.96684","-117.34049","woody_perennial","x51_y44","34N_117.5W","415399"
"132390","132390","132390","39.59614","-122.0226","woody_perennial","x51_y60","39.5N_122W","132390"
"514070","514070","514070","37.62903","-121.08781","woody_perennial","x50_y55","37.5N_121W","514070"
"218534","218534","218534","38.1741","-121.50302","row","x50_y57","38N_121.5W","218534"
"90","90","90","36.72266","-121.25348","woody_perennial","x48_y54","36.5N_121.5W","90"
"52519","52519","52519","38.17441","-121.51733","row","x50_y57","38N_121.5W","52519"
"332581","332581","332581","38.27661","-121.22766","woody_perennial","x50_y57","38.5N_121W","332581"
"248496","248496","248496","38.11573","-121.64507","woody_perennial","x50_y57","38N_121.5W","248496"
"488132","488132","488132","33.7738","-115.32678","woody_perennial","x54_y41","34N_115.5W","488132"
"296871","296871","296871","38.54294","-121.87237","woody_perennial","x50_y58","38.5N_122W","296871"
"142350","142350","142350","38.13472","-121.62383","woody_perennial","x50_y57","38N_121.5W","142350"
"528423","528423","528423","36.34069","-120.1207","woody_perennial","x49_y52","36.5N_120W","528423"
"321992","321992","321992","35.8788","-119.51656","woody_perennial","x50_y50","36N_119.5W","321992"
"589918","589918","589918","36.62289","-121.54925","woody_perennial","x48_y54","36.5N_121.5W","589918"
"535358","535358","535358","39.68222","-122.0026","soil","x51_y60","39.5N_122W","535358"
"437146","437146","437146","38.75169","-120.67468","woody_perennial","x52_y57","39N_120.5W","437146"
"589581","589581","589581","38.09222","-121.64036","woody_perennial","x50_y57","38N_121.5W","589581"
"96038","96038","96038","33.12785","-115.54385","woody_perennial","x53_y40","33N_115.5W","96038"
"590073","590073","590073","38.10809","-121.65527","woody_perennial","x50_y57","38N_121.5W","590073"
"30934","30934","30934","33.69643","-114.58866","woody_perennial","x55_y40","33.5N_114.5W","30934"
"14","14","14","35.98256","-119.16781","corn","x50_y50","36N_119W","14"
"469135","469135","469135","41.96147","-120.30404","woody_perennial","x57_y63","42N_120.5W","469135"
"155097","155097","155097","38.1542","-121.61398","rice","x50_y57","38N_121.5W","155097"
"472163","472163","472163","34.34121","-119.30182","row","x48_y47","34.5N_119.5W","472163"
"32528","32528","32528","33.48618","-116.13102","woody_perennial","x52_y41","33.5N_116W","32528"
"152256","152256","152256","38.29046","-122.38996","woody_perennial","x49_y58","38.5N_122.5W","152256"
"357428","357428","357428","41.90001","-124.13959","woody_perennial","x52_y67","42N_124W","357428"
"362135","362135","362135","36.91921","-120.60184","woody_perennial","x49_y53","37N_120.5W","362135"
"329357","329357","329357","35.14637","-118.82009","row","x50_y48","35N_119W","329357"
"429989","429989","429989","36.72355","-119.8642","woody_perennial","x50_y52","36.5N_120W","429989"
"89752","89752","89752","37.37847","-118.40035","woody_perennial","x54_y52","37.5N_118.5W","89752"
"28809","28809","28809","36.26025","-119.70729","woody_perennial","x50_y51","36.5N_119.5W","28809"
"594379","594379","594379","36.94719","-121.8011","grass","x48_y55","37N_122W","594379"
"330822","330822","330822","38.05391","-121.48873","woody_perennial","x50_y56","38N_121.5W","330822"
"102480","102480","102480","39.74194","-122.25899","woody_perennial","x51_y61","39.5N_122.5W","102480"
"284301","284301","284301","36.90351","-120.48616","row","x50_y53","37N_120.5W","284301"
"405184","405184","405184","33.56834","-114.6181","woody_perennial","x55_y40","33.5N_114.5W","405184"
"244878","244878","244878","38.05085","-121.48882","rice","x50_y56","38N_121.5W","244878"
"15499","15499","15499","37.02377","-120.14611","woody_perennial","x50_y53","37N_120W","15499"
"327124","327124","327124","35.06707","-119.30699","grass","x49_y48","35N_119.5W","327124"
"285241","285241","285241","38.27897","-122.33578","alfalfa","x49_y58","38.5N_122.5W","285241"
"597240","597240","597240","33.20952","-115.51989","woody_perennial","x53_y40","33N_115.5W","597240"
"405606","405606","405606","35.4088","-119.47618","grass","x49_y49","35.5N_119.5W","405606"
"118038","118038","118038","40.01262","-122.12186","woody_perennial","x52_y61","40N_122W","118038"
"144461","144461","144461","36.89782","-120.42527","woody_perennial","x50_y53","37N_120.5W","144461"
"299613","299613","299613","38.06203","-121.46995","grass","x50_y56","38N_121.5W","299613"
"506467","506467","506467","33.62682","-116.20413","woody_perennial","x52_y42","33.5N_116W","506467"
"293793","293793","293793","39.32027","-121.9284","woody_perennial","x51_y59","39.5N_122W","293793"
"453786","453786","453786","38.71969","-122.79846","woody_perennial","x49_y59","38.5N_123W","453786"
"153154","153154","153154","37.09871","-121.94973","woody_perennial","x48_y55","37N_122W","153154"
"535040","535040","535040","41.79868","-122.03721","woody_perennial","x54_y64","42N_122W","535040"
"302976","302976","302976","32.74101","-114.59509","woody_perennial","x54_y38","32.5N_114.5W","302976"
"549173","549173","549173","38.74698","-120.66111","grass","x52_y57","38.5N_120.5W","549173"
"336904","336904","336904","38.07339","-121.55144","woody_perennial","x50_y57","38N_121.5W","336904"
"555182","555182","555182","39.90458","-122.15595","alfalfa","x51_y61","40N_122W","555182"
"212287","212287","212287","35.28216","-118.94883","row","x50_y48","35.5N_119W","212287"
"313780","313780","313780","36.96793","-121.80891","woody_perennial","x48_y55","37N_122W","313780"
"107465","107465","107465","39.69923","-122.16946","soil","x51_y60","39.5N_122W","107465"
"403505","403505","403505","36.17637","-119.82926","woody_perennial","x50_y51","36N_120W","403505"
"372700","372700","372700","33.5455","-116.14052","grass","x52_y42","33.5N_116W","372700"
"14956","14956","14956","36.60424","-119.24576","woody_perennial","x51_y51","36.5N_119W","14956"
"309355","309355","309355","33.31083","-115.5841","woody_perennial","x53_y40","33.5N_115.5W","309355"
"375119","375119","375119","39.53131","-122.30753","woody_perennial","x51_y60","39.5N_122.5W","375119"
"236386","236386","236386","38.79874","-120.81872","woody_perennial","x52_y57","39N_121W","236386"
"250488","250488","250488","39.83968","-122.0364","woody_perennial","x51_y60","40N_122W","250488"
"219229","219229","219229","39.77745","-122.05005","woody_perennial","x51_y60","40N_122W","219229"
"601779","601779","601779","34.03653","-116.93889","woody_perennial","x51_y43","34N_117W","601779"
"542872","542872","542872","37.88646","-121.30578","woody_perennial","x50_y56","38N_121.5W","542872"
"424527","424527","424527","33.44177","-116.05899","woody_perennial","x52_y41","33.5N_116W","424527"
"417431","417431","417431","34.64269","-120.01665","rice","x47_y48","34.5N_120W","417431"
"327540","327540","327540","39.15898","-121.48311","row","x51_y59","39N_121.5W","327540"
"237955","237955","237955","40.51096","-124.01932","woody_perennial","x50_y64","40.5N_124W","237955"
"24366","24366","24366","36.14068","-119.93673","woody_perennial","x49_y51","36N_120W","24366"
"354196","354196","354196","33.50676","-116.13356","woody_perennial","x52_y41","33.5N_116W","354196"
"54800","54800","54800","38.35344","-121.70086","row","x50_y57","38.5N_121.5W","54800"
"257423","257423","257423","39.6726","-122.30763","alfalfa","x51_y60","39.5N_122.5W","257423"
"276098","276098","276098","36.66514","-119.87397","woody_perennial","x50_y52","36.5N_120W","276098"
"378874","378874","378874","35.27025","-118.80217","row","x50_y48","35.5N_119W","378874"
"420047","420047","420047","33.20238","-117.17522","row","x50_y42","33N_117W","420047"
"41669","41669","41669","34.49026","-120.08807","woody_perennial","x47_y48","34.5N_120W","41669"
"338040","338040","338040","34.23752","-119.2297","woody_perennial","x48_y46","34N_119W","338040"
"371139","371139","371139","34.47955","-119.29727","woody_perennial","x48_y47","34.5N_119.5W","371139"
"520659","520659","520659","38.86216","-121.63346","woody_perennial","x51_y58","39N_121.5W","520659"
"24007","24007","24007","37.66695","-118.36616","woody_perennial","x54_y52","37.5N_118.5W","24007"
"436143","436143","436143","32.78821","-114.54959","woody_perennial","x54_y38","33N_114.5W","436143"
"367212","367212","367212","33.72103","-116.92052","woody_perennial","x51_y43","33.5N_117W","367212"
"510456","510456","510456","36.91733","-120.57621","woody_perennial","x49_y53","37N_120.5W","510456"
"140153","140153","140153","38.3131","-121.6203","woody_perennial","x50_y57","38.5N_121.5W","140153"
"462857","462857","462857","33.07424","-115.661","row","x52_y40","33N_115.5W","462857"
"539056","539056","539056","37.00321","-121.77391","woody_perennial","x48_y55","37N_122W","539056"
"475490","475490","475490","37.9958","-121.37536","row","x50_y56","38N_121.5W","475490"
"265450","265450","265450","35.48235","-119.15975","woody_perennial","x50_y49","35.5N_119W","265450"
"307992","307992","307992","41.95532","-121.56398","corn","x55_y64","42N_121.5W","307992"
"17958","17958","17958","38.14656","-121.45404","woody_perennial","x50_y57","38N_121.5W","17958"
"460548","460548","460548","35.90453","-119.30605","woody_perennial","x50_y50","36N_119.5W","460548"
"204911","204911","204911","35.48429","-120.85459","row","x47_y51","35.5N_121W","204911"
"53476","53476","53476","32.78354","-114.60633","rice","x54_y38","33N_114.5W","53476"
"203993","203993","203993","39.09839","-121.26947","woody_perennial","x52_y58","39N_121.5W","203993"
"160679","160679","160679","35.30021","-118.81288","woody_perennial","x50_y48","35.5N_119W","160679"
"578811","578811","578811","38.49619","-122.53322","woody_perennial","x49_y58","38.5N_122.5W","578811"
"393224","393224","393224","38.02379","-121.50476","row","x50_y56","38N_121.5W","393224"
"165800","165800","165800","38.74803","-120.72014","woody_perennial","x52_y57","38.5N_120.5W","165800"
"163348","163348","163348","36.99657","-120.88467","grass","x49_y54","37N_121W","163348"
"148510","148510","148510","38.87361","-121.37224","grass","x51_y58","39N_121.5W","148510"
"241182","241182","241182","38.05088","-121.49316","woody_perennial","x50_y56","38N_121.5W","241182"
"36956","36956","36956","38.39514","-122.77771","row","x48_y59","38.5N_123W","36956"
"434539","434539","434539","38.6201","-122.36922","woody_perennial","x49_y59","38.5N_122.5W","434539"
"492817","492817","492817","39.33753","-121.05369","row","x52_y58","39.5N_121W","492817"
"378550","378550","378550","33.414","-117.19898","woody_perennial","x50_y42","33.5N_117W","378550"
"30721","30721","30721","36.01286","-119.72834","woody_perennial","x50_y50","36N_119.5W","30721"
"515378","515378","515378","36.92841","-120.05898","woody_perennial","x50_y53","37N_120W","515378"
"356553","356553","356553","38.90543","-121.92572","woody_perennial","x50_y59","39N_122W","356553"
"122211","122211","122211","34.12918","-119.09073","grass","x48_y46","34N_119W","122211"
"201018","201018","201018","36.69417","-119.82572","alfalfa","x50_y52","36.5N_120W","201018"
"476960","476960","476960","34.30056","-118.98375","woody_perennial","x48_y46","34.5N_119W","476960"
"399149","399149","399149","34.95232","-120.40579","woody_perennial","x47_y49","35N_120.5W","399149"
"559174","559174","559174","33.52623","-116.17024","alfalfa","x52_y41","33.5N_116W","559174"
"34170","34170","34170","37.2948","-122.38186","woody_perennial","x47_y56","37.5N_122.5W","34170"
"200049","200049","200049","35.87148","-119.59572","woody_perennial","x50_y50","36N_119.5W","200049"
"169252","169252","169252","38.00456","-121.41726","woody_perennial","x50_y56","38N_121.5W","169252"
"289885","289885","289885","37.82178","-121.49032","woody_perennial","x49_y56","38N_121.5W","289885"
"551011","551011","551011","37.23751","-122.35335","rice","x47_y56","37N_122.5W","551011"
"414800","414800","414800","40.3688","-122.57899","woody_perennial","x51_y62","40.5N_122.5W","414800"
"44797","44797","44797","37.48986","-117.9147","alfalfa","x54_y51","37.5N_118W","44797"
"519983","519983","519983","38.38559","-122.8357","woody_perennial","x48_y59","38.5N_123W","519983"
"266967","266967","266967","35.97453","-119.00156","woody_perennial","x51_y50","36N_119W","266967"
"94628","94628","94628","38.94344","-121.48582","woody_perennial","x51_y58","39N_121.5W","94628"
"196978","196978","196978","40.53719","-124.10913","woody_perennial","x50_y64","40.5N_124W","196978"
"193307","193307","193307","33.55961","-116.03194","woody_perennial","x52_y41","33.5N_116W","193307"
"419348","419348","419348","38.61216","-122.75179","row","x49_y59","38.5N_123W","419348"
"357925","357925","357925","34.70087","-120.39356","grass","x47_y49","34.5N_120.5W","357925"
"255257","255257","255257","36.74164","-121.76832","woody_perennial","x47_y54","36.5N_122W","255257"
"69523","69523","69523","39.00976","-122.83014","row","x49_y60","39N_123W","69523"
"390825","390825","390825","32.98013","-115.31303","woody_perennial","x53_y39","33N_115.5W","390825"
"564419","564419","564419","38.68013","-121.57921","row","x50_y58","38.5N_121.5W","564419"
"471846","471846","471846","38.04261","-121.55099","woody_perennial","x50_y57","38N_121.5W","471846"
"111538","111538","111538","39.34386","-123.1383","woody_perennial","x49_y61","39.5N_123W","111538"
"507999","507999","507999","33.3735","-117.14274","woody_perennial","x50_y42","33.5N_117W","507999"
"469568","469568","469568","32.76077","-114.57158","woody_perennial","x54_y38","33N_114.5W","469568"
"415517","415517","415517","32.79481","-114.54995","grass","x54_y38","33N_114.5W","415517"
"109643","109643","109643","39.00447","-123.36127","row","x48_y60","39N_123.5W","109643"
"530298","530298","530298","39.14826","-121.8417","woody_perennial","x51_y59","39N_122W","530298"
"498021","498021","498021","33.67761","-114.60019","woody_perennial","x55_y40","33.5N_114.5W","498021"
"268822","268822","268822","32.78006","-114.62601","woody_perennial","x54_y38","33N_114.5W","268822"
"434948","434948","434948","40.2448","-124.16639","grass","x49_y64","40N_124W","434948"
"258532","258532","258532","36.19562","-119.80132","woody_perennial","x50_y51","36N_120W","258532"
"561591","561591","561591","38.1448","-121.46027","soil","x50_y57","38N_121.5W","561591"
"222167","222167","222167","36.56032","-121.55679","row","x47_y54","36.5N_121.5W","222167"
"98878","98878","98878","33.28316","-117.06439","row","x50_y42","33.5N_117W","98878"
"247903","247903","247903","36.50598","-119.51621","woody_perennial","x51_y51","36.5N_119.5W","247903"
"146199","146199","146199","41.96247","-121.90913","woody_perennial","x55_y64","42N_122W","146199"
"229531","229531","229531","36.57256","-120.18328","woody_perennial","x50_y52","36.5N_120W","229531"
"474091","474091","474091","34.88259","-119.50022","woody_perennial","x48_y48","35N_119.5W","474091"
"12491","12491","12491","38.32779","-121.5823","soil","x50_y57","38.5N_121.5W","12491"
"72853","72853","72853","38.26676","-121.60966","woody_perennial","x50_y57","38.5N_121.5W","72853"
"351825","351825","351825","35.71593","-117.84591","woody_perennial","x52_y48","35.5N_118W","351825"
"481822","481822","481822","32.96709","-115.47013","row","x52_y40","33N_115.5W","481822"
"70563","70563","70563","37.83743","-121.4117","woody_perennial","x50_y56","38N_121.5W","70563"
"553030","553030","553030","36.79353","-120.39011","soil","x50_y53","37N_120.5W","553030"
"547243","547243","547243","36.65423","-120.66936","woody_perennial","x49_y53","36.5N_120.5W","547243"
"507390","507390","507390","34.88834","-120.39996","woody_perennial","x47_y49","35N_120.5W","507390"
"395015","395015","395015","40.61704","-124.25744","woody_perennial","x49_y64","40.5N_124.5W","395015"
"375020","375020","375020","38.75415","-120.74282","row","x52_y57","39N_120.5W","375020"
"363369","363369","363369","39.49111","-122.27253","alfalfa","x51_y60","39.5N_122.5W","363369"
"2909","2909","2909","37.38824","-120.68897","woody_perennial","x50_y54","37.5N_120.5W","2909"
"156382","156382","156382","38.82491","-121.88322","rice","x50_y58","39N_122W","156382"
"355359","355359","355359","38.20355","-121.62271","grass","x50_y57","38N_121.5W","355359"
"266220","266220","266220","34.70022","-119.3327","alfalfa","x48_y47","34.5N_119.5W","266220"
"6508","6508","6508","37.11223","-121.61057","woody_perennial","x48_y55","37N_121.5W","6508"
"128396","128396","128396","41.20381","-120.51514","woody_perennial","x56_y61","41N_120.5W","128396"
"542780","542780","542780","33.69551","-116.14352","woody_perennial","x52_y42","33.5N_116W","542780"
"443743","443743","443743","37.95022","-121.43456","woody_perennial","x50_y56","38N_121.5W","443743"
"43189","43189","43189","41.06325","-121.52638","woody_perennial","x54_y62","41N_121.5W","43189"
"205723","205723","205723","37.84527","-121.05495","row","x50_y56","38N_121W","205723"
"522848","522848","522848","35.06954","-120.46544","woody_perennial","x47_y49","35N_120.5W","522848"
"139419","139419","139419","32.80533","-114.55074","woody_perennial","x54_y38","33N_114.5W","139419"
"537995","537995","537995","39.94725","-122.23236","grass","x51_y61","40N_122W","537995"
"279227","279227","279227","32.73865","-114.63889","woody_perennial","x54_y38","32.5N_114.5W","279227"
"479147","479147","479147","38.18994","-121.59924","woody_perennial","x50_y57","38N_121.5W","479147"
"563405","563405","563405","33.11726","-115.60343","grass","x52_y40","33N_115.5W","563405"
"47947","47947","47947","38.50377","-122.44722","woody_perennial","x49_y58","38.5N_122.5W","47947"
"545627","545627","545627","36.09308","-119.07216","woody_perennial","x51_y50","36N_119W","545627"
"280926","280926","280926","40.45646","-122.23344","woody_perennial","x52_y62","40.5N_122W","280926"
"516486","516486","516486","38.42541","-121.58075","woody_perennial","x50_y57","38.5N_121.5W","516486"
"271289","271289","271289","36.2434","-119.09273","grass","x51_y50","36N_119W","271289"
"263022","263022","263022","36.70879","-120.36513","woody_perennial","x50_y53","36.5N_120.5W","263022"
"86997","86997","86997","33.2854","-117.12936","row","x50_y42","33.5N_117W","86997"
"463049","463049","463049","38.26474","-121.62977","row","x50_y57","38.5N_121.5W","463049"
"231758","231758","231758","38.22498","-121.51607","woody_perennial","x50_y57","38N_121.5W","231758"
"158292","158292","158292","34.96542","-120.61137","row","x47_y49","35N_120.5W","158292"
"500367","500367","500367","38.44191","-121.69791","alfalfa","x50_y57","38.5N_121.5W","500367"
"552329","552329","552329","34.76492","-119.42963","woody_perennial","x48_y48","35N_119.5W","552329"
"548249","548249","548249","33.45043","-114.73201","alfalfa","x54_y40","33.5N_114.5W","548249"
"363861","363861","363861","39.04461","-122.94795","woody_perennial","x49_y60","39N_123W","363861"
"479624","479624","479624","35.35667","-120.78139","row","x47_y50","35.5N_121W","479624"
"69366","69366","69366","34.14601","-119.07383","woody_perennial","x48_y46","34N_119W","69366"
"35478","35478","35478","33.55314","-116.08809","row","x52_y41","33.5N_116W","35478"
"199797","199797","199797","35.97833","-119.29114","woody_perennial","x50_y50","36N_119.5W","199797"
"274733","274733","274733","38.57944","-121.87948","woody_perennial","x50_y58","38.5N_122W","274733"
"125182","125182","125182","38.92248","-121.11104","grass","x52_y58","39N_121W","125182"
"422363","422363","422363","38.03752","-121.413","grass","x50_y56","38N_121.5W","422363"
"520739","520739","520739","36.43316","-119.28446","grass","x51_y51","36.5N_119.5W","520739"
"201777","201777","201777","37.32595","-120.67926","grass","x50_y54","37.5N_120.5W","201777"
"273580","273580","273580","36.87787","-120.6609","grass","x49_y53","37N_120.5W","273580"
"280252","280252","280252","33.46666","-116.08432","woody_perennial","x52_y41","33.5N_116W","280252"
"239040","239040","239040","33.69406","-116.13179","row","x52_y42","33.5N_116W","239040"
"130163","130163","130163","38.81764","-121.14811","alfalfa","x51_y58","39N_121W","130163"
"438864","438864","438864","37.15397","-120.07712","row","x51_y53","37N_120W","438864"
"256915","256915","256915","35.08191","-119.25829","row","x49_y48","35N_119.5W","256915"
"479102","479102","479102","36.6108","-119.36357","rice","x51_y51","36.5N_119.5W","479102"
"70204","70204","70204","34.39409","-118.81267","woody_perennial","x49_y46","34.5N_119W","70204"
"307934","307934","307934","36.9532","-121.78406","woody_perennial","x48_y55","37N_122W","307934"
"135821","135821","135821","38.13843","-121.35149","grass","x50_y56","38N_121.5W","135821"
"274663","274663","274663","35.64978","-119.12697","row","x50_y49","35.5N_119W","274663"
"337441","337441","337441","36.3923","-119.88495","woody_perennial","x50_y51","36.5N_120W","337441"
"126090","126090","126090","34.38127","-119.43599","grass","x48_y47","34.5N_119.5W","126090"
"591789","591789","591789","36.74189","-121.72376","woody_perennial","x47_y54","36.5N_121.5W","591789"
"404579","404579","404579","39.54398","-122.16802","rice","x51_y60","39.5N_122W","404579"
"410069","410069","410069","38.54753","-119.47023","woody_perennial","x53_y55","38.5N_119.5W","410069"
"228674","228674","228674","38.64673","-122.43951","row","x49_y59","38.5N_122.5W","228674"
"496966","496966","496966","36.44418","-119.98519","woody_perennial","x50_y52","36.5N_120W","496966"
"217938","217938","217938","37.18028","-122.03171","woody_perennial","x48_y55","37N_122W","217938"
"260919","260919","260919","39.93328","-122.1625","woody_perennial","x51_y61","40N_122W","260919"
"170735","170735","170735","33.57593","-116.19168","row","x52_y42","33.5N_116W","170735"
"99067","99067","99067","36.49546","-119.16862","woody_perennial","x51_y51","36.5N_119W","99067"
"221627","221627","221627","38.60477","-120.51538","row","x52_y56","38.5N_120.5W","221627"
"47221","47221","47221","36.93846","-120.00483","woody_perennial","x50_y53","37N_120W","47221"
"323387","323387","323387","32.79166","-114.58971","row","x54_y38","33N_114.5W","323387"
"584091","584091","584091","38.15628","-121.6191","row","x50_y57","38N_121.5W","584091"
"114742","114742","114742","40.57116","-124.23981","woody_perennial","x49_y64","40.5N_124W","114742"
"577662","577662","577662","36.40101","-119.11171","woody_perennial","x51_y51","36.5N_119W","577662"
"217330","217330","217330","36.80928","-119.50849","woody_perennial","x51_y52","37N_119.5W","217330"
"567174","567174","567174","36.15042","-120.15201","woody_perennial","x49_y51","36N_120W","567174"
"9713","9713","9713","34.59254","-120.41052","row","x46_y48","34.5N_120.5W","9713"
"418565","418565","418565","35.69995","-119.94325","row","x49_y50","35.5N_120W","418565"
"148353","148353","148353","39.72343","-122.19761","woody_perennial","x51_y60","39.5N_122W","148353"
"139192","139192","139192","35.21192","-119.28045","woody_perennial","x49_y48","35N_119.5W","139192"
"249903","249903","249903","38.68937","-121.68968","woody_perennial","x50_y58","38.5N_121.5W","249903"
"578661","578661","578661","39.32514","-121.23448","row","x52_y59","39.5N_121W","578661"
"72767","72767","72767","38.45973","-121.79107","woody_perennial","x50_y58","38.5N_122W","72767"
"92544","92544","92544","33.28508","-116.99653","woody_perennial","x50_y42","33.5N_117W","92544"
"536220","536220","536220","34.30493","-119.13533","alfalfa","x48_y46","34.5N_119W","536220"
"250144","250144","250144","34.95671","-120.38942","soil","x47_y49","35N_120.5W","250144"
"405347","405347","405347","36.7724","-119.61652","woody_perennial","x51_y52","37N_119.5W","405347"
"419591","419591","419591","36.39082","-119.1149","woody_perennial","x51_y51","36.5N_119W","419591"
"362884","362884","362884","39.25114","-121.70769","woody_perennial","x51_y59","39.5N_121.5W","362884"
"15462","15462","15462","39.2188","-123.1241","woody_perennial","x49_y61","39N_123W","15462"
"214506","214506","214506","34.88799","-120.47574","woody_perennial","x47_y49","35N_120.5W","214506"
"402828","402828","402828","33.6612","-116.21466","woody_perennial","x52_y42","33.5N_116W","402828"
"326561","326561","326561","36.27263","-119.75217","woody_perennial","x50_y51","36.5N_120W","326561"
"93404","93404","93404","38.47077","-121.4862","alfalfa","x50_y57","38.5N_121.5W","93404"
"13379","13379","13379","41.97776","-120.29649","row","x57_y63","42N_120.5W","13379"
"22959","22959","22959","34.60748","-120.27622","rice","x47_y48","34.5N_120.5W","22959"
"107828","107828","107828","38.79267","-121.44962","woody_perennial","x51_y58","39N_121.5W","107828"
"497652","497652","497652","39.32777","-121.54973","alfalfa","x51_y59","39.5N_121.5W","497652"
"518122","518122","518122","37.9078","-121.70385","woody_perennial","x49_y56","38N_121.5W","518122"
"241113","241113","241113","37.5553","-120.75407","row","x50_y55","37.5N_121W","241113"
"515881","515881","515881","33.3157","-116.94697","woody_perennial","x50_y42","33.5N_117W","515881"
"207251","207251","207251","36.82184","-121.70794","rice","x48_y54","37N_121.5W","207251"
"77757","77757","77757","41.6621","-122.34724","woody_perennial","x54_y64","41.5N_122.5W","77757"
"569368","569368","569368","39.40057","-121.61306","woody_perennial","x51_y59","39.5N_121.5W","569368"
"526385","526385","526385","36.45106","-119.98703","woody_perennial","x50_y52","36.5N_120W","526385"
"365047","365047","365047","33.50517","-114.65843","woody_perennial","x55_y40","33.5N_114.5W","365047"
"330183","330183","330183","38.17869","-121.45994","row","x50_y57","38N_121.5W","330183"
"272714","272714","272714","34.92463","-120.42634","woody_perennial","x47_y49","35N_120.5W","272714"
"232205","232205","232205","38.32486","-121.526","grass","x50_y57","38.5N_121.5W","232205"
"597863","597863","597863","38.53518","-119.46906","soil","x53_y55","38.5N_119.5W","597863"
"447694","447694","447694","33.45568","-117.30076","woody_perennial","x50_y43","33.5N_117.5W","447694"
"373807","373807","373807","37.48839","-121.06303","woody_perennial","x50_y55","37.5N_121W","373807"
"473979","473979","473979","35.71957","-119.03174","woody_perennial","x50_y49","35.5N_119W","473979"
"81282","81282","81282","40.96757","-124.0829","corn","x50_y65","41N_124W","81282"
"254039","254039","254039","38.05601","-121.47493","woody_perennial","x50_y56","38N_121.5W","254039"
"360278","360278","360278","33.59603","-114.61935","rice","x55_y40","33.5N_114.5W","360278"
"70414","70414","70414","36.82806","-121.46573","woody_perennial","x48_y54","37N_121.5W","70414"
"28059","28059","28059","40.58927","-124.26077","woody_perennial","x49_y64","40.5N_124.5W","28059"
"27727","27727","27727","35.11065","-118.83526","woody_perennial","x50_y48","35N_119W","27727"
"475068","475068","475068","36.92158","-120.57931","soil","x49_y53","37N_120.5W","475068"
"68507","68507","68507","40.86721","-123.445","woody_perennial","x51_y64","41N_123.5W","68507"
"97008","97008","97008","36.07062","-119.53938","woody_perennial","x50_y50","36N_119.5W","97008"
"433739","433739","433739","34.14611","-118.90209","woody_perennial","x48_y46","34N_119W","433739"
"91020","91020","91020","36.26677","-119.74296","row","x50_y51","36.5N_119.5W","91020"
"56350","56350","56350","32.73471","-115.69409","woody_perennial","x52_y39","32.5N_115.5W","56350"
"499341","499341","499341","35.82909","-119.31987","alfalfa","x50_y50","36N_119.5W","499341"
"582257","582257","582257","32.75493","-114.58088","grass","x54_y38","33N_114.5W","582257"
"294453","294453","294453","36.87956","-121.70202","row","x48_y54","37N_121.5W","294453"
"207169","207169","207169","38.0363","-121.53462","woody_perennial","x50_y56","38N_121.5W","207169"
"340943","340943","340943","36.5712","-119.24024","row","x51_y51","36.5N_119W","340943"
"142937","142937","142937","40.96561","-121.71771","woody_perennial","x54_y62","41N_121.5W","142937"
"455904","455904","455904","38.87169","-123.02038","woody_perennial","x49_y60","39N_123W","455904"
"157962","157962","157962","34.01466","-117.09558","woody_perennial","x51_y44","34N_117W","157962"
"414334","414334","414334","41.09375","-123.7034","woody_perennial","x51_y65","41N_123.5W","414334"
"342874","342874","342874","37.87822","-121.5232","woody_perennial","x49_y56","38N_121.5W","342874"
"370137","370137","370137","33.62968","-116.08795","woody_perennial","x52_y42","33.5N_116W","370137"
"442523","442523","442523","38.14493","-121.57846","alfalfa","x50_y57","38N_121.5W","442523"
"361136","361136","361136","38.89161","-122.23556","rice","x50_y59","39N_122W","361136"
"136794","136794","136794","33.2091","-115.45206","woody_perennial","x53_y40","33N_115.5W","136794"
"194535","194535","194535","33.59647","-116.24208","grass","x52_y42","33.5N_116W","194535"
"217655","217655","217655","33.51962","-117.03416","row","x51_y42","33.5N_117W","217655"
"164909","164909","164909","37.07088","-120.64968","grass","x50_y54","37N_120.5W","164909"
"26815","26815","26815","32.71975","-115.27507","rice","x52_y39","32.5N_115.5W","26815"
"176152","176152","176152","36.32415","-119.16798","rice","x51_y50","36.5N_119W","176152"
"204773","204773","204773","35.98007","-119.45277","woody_perennial","x50_y50","36N_119.5W","204773"
"552217","552217","552217","38.08295","-121.40018","woody_perennial","x50_y56","38N_121.5W","552217"
"357541","357541","357541","39.55478","-121.67302","row","x52_y60","39.5N_121.5W","357541"
"109209","109209","109209","36.93437","-120.37988","woody_perennial","x50_y53","37N_120.5W","109209"
"592028","592028","592028","40.58928","-124.26125","row","x49_y64","40.5N_124.5W","592028"
"335802","335802","335802","34.87938","-120.40272","woody_perennial","x47_y49","35N_120.5W","335802"
"167138","167138","167138","37.73912","-120.77735","row","x50_y55","37.5N_121W","167138"
"578396","578396","578396","40.37816","-122.19172","woody_perennial","x52_y62","40.5N_122W","578396"
"36695","36695","36695","36.11905","-119.00134","woody_perennial","x51_y50","36N_119W","36695"
"113202","113202","113202","40.36421","-120.38652","soil","x55_y60","40.5N_120.5W","113202"
"223881","223881","223881","38.45624","-121.57964","woody_perennial","x50_y57","38.5N_121.5W","223881"
"314743","314743","314743","33.62967","-116.1127","woody_perennial","x52_y42","33.5N_116W","314743"
"143857","143857","143857","36.34807","-119.07507","woody_perennial","x51_y50","36.5N_119W","143857"
"118163","118163","118163","34.45832","-119.83211","woody_perennial","x47_y48","34.5N_120W","118163"
"200345","200345","200345","38.09949","-121.46627","woody_perennial","x50_y57","38N_121.5W","200345"
"573522","573522","573522","37.49589","-121.13055","row","x49_y55","37.5N_121W","573522"
"383248","383248","383248","37.45461","-121.12677","row","x49_y55","37.5N_121W","383248"
"114584","114584","114584","33.6537","-116.1675","woody_perennial","x52_y42","33.5N_116W","114584"
"327547","327547","327547","38.42243","-122.82278","corn","x48_y59","38.5N_123W","327547"
"376156","376156","376156","37.19418","-122.02001","woody_perennial","x48_y55","37N_122W","376156"
"436185","436185","436185","33.58288","-116.11991","grass","x52_y42","33.5N_116W","436185"
"18245","18245","18245","39.49489","-121.76109","row","x51_y60","39.5N_122W","18245"
"113967","113967","113967","39.62406","-122.25563","woody_perennial","x51_y60","39.5N_122.5W","113967"
"246402","246402","246402","41.215","-122.13838","woody_perennial","x53_y63","41N_122W","246402"
"348066","348066","348066","40.13192","-122.20658","woody_perennial","x52_y61","40N_122W","348066"
"409119","409119","409119","36.89762","-121.78514","rice","x48_y55","37N_122W","409119"
"405273","405273","405273","38.74411","-120.75575","woody_perennial","x52_y57","38.5N_121W","405273"
"158624","158624","158624","41.9835","-121.57726","soil","x55_y64","42N_121.5W","158624"
"234374","234374","234374","35.62578","-120.61926","woody_perennial","x48_y51","35.5N_120.5W","234374"
"180491","180491","180491","33.13111","-115.59272","woody_perennial","x52_y40","33N_115.5W","180491"
"11089","11089","11089","34.40316","-118.86","grass","x49_y46","34.5N_119W","11089"
"379786","379786","379786","36.31982","-119.68612","row","x50_y51","36.5N_119.5W","379786"
"413801","413801","413801","33.71138","-116.8592","woody_perennial","x51_y43","33.5N_117W","413801"
"162857","162857","162857","40.49983","-122.55335","row","x52_y62","40.5N_122.5W","162857"
"303538","303538","303538","36.90499","-119.99867","woody_perennial","x50_y53","37N_120W","303538"
"181403","181403","181403","37.44115","-121.04577","row","x49_y55","37.5N_121W","181403"
"6162","6162","6162","36.99316","-121.79592","grass","x48_y55","37N_122W","6162"
"304241","304241","304241","38.28293","-121.57788","woody_perennial","x50_y57","38.5N_121.5W","304241"
"171220","171220","171220","41.94606","-122.33165","woody_perennial","x54_y65","42N_122.5W","171220"
"184370","184370","184370","39.06475","-123.19695","grass","x49_y60","39N_123W","184370"
"458612","458612","458612","38.68646","-121.81579","woody_perennial","x50_y58","38.5N_122W","458612"
"498960","498960","498960","36.88979","-121.68325","woody_perennial","x48_y54","37N_121.5W","498960"
"262439","262439","262439","36.61145","-120.2241","grass","x50_y52","36.5N_120W","262439"
"487420","487420","487420","33.56608","-116.19959","soil","x52_y42","33.5N_116W","487420"
"280266","280266","280266","33.46775","-114.61884","woody_perennial","x55_y40","33.5N_114.5W","280266"
"140194","140194","140194","37.40757","-121.14795","woody_perennial","x49_y55","37.5N_121W","140194"
"421048","421048","421048","36.43661","-119.93389","woody_perennial","x50_y52","36.5N_120W","421048"
"211006","211006","211006","38.2416","-121.50158","grass","x50_y57","38N_121.5W","211006"
"384928","384928","384928","39.50401","-121.81259","woody_perennial","x51_y60","39.5N_122W","384928"
"44417","44417","44417","32.81116","-114.55736","woody_perennial","x54_y38","33N_114.5W","44417"
"522189","522189","522189","37.99814","-121.60958","woody_perennial","x49_y56","38N_121.5W","522189"
"518795","518795","518795","33.3163","-115.55113","woody_perennial","x53_y40","33.5N_115.5W","518795"
"419320","419320","419320","35.20762","-120.61985","woody_perennial","x47_y50","35N_120.5W","419320"
"466853","466853","466853","38.69804","-122.8195","woody_perennial","x49_y59","38.5N_123W","466853"
"62679","62679","62679","37.99538","-121.45597","grass","x50_y56","38N_121.5W","62679"
"206850","206850","206850","39.90599","-122.2617","woody_perennial","x51_y61","40N_122.5W","206850"
"213276","213276","213276","33.56945","-114.69411","woody_perennial","x55_y40","33.5N_114.5W","213276"
"368183","368183","368183","36.4877","-119.54995","woody_perennial","x50_y51","36.5N_119.5W","368183"
"454799","454799","454799","41.57601","-122.87343","woody_perennial","x53_y65","41.5N_123W","454799"
"579938","579938","579938","36.64134","-119.38587","grass","x51_y51","36.5N_119.5W","579938"
"549306","549306","549306","39.40143","-121.60725","woody_perennial","x51_y59","39.5N_121.5W","549306"
"377471","377471","377471","37.30763","-120.64426","woody_perennial","x50_y54","37.5N_120.5W","377471"
"155817","155817","155817","35.85747","-119.09243","row","x50_y49","36N_119W","155817"
"42166","42166","42166","39.59516","-122.25709","woody_perennial","x51_y60","39.5N_122.5W","42166"
"435142","435142","435142","37.83632","-121.49113","row","x49_y56","38N_121.5W","435142"
"391945","391945","391945","38.74655","-120.72219","soil","x52_y57","38.5N_120.5W","391945"
"333523","333523","333523","36.38868","-120.15553","grass","x49_y52","36.5N_120W","333523"
"400865","400865","400865","36.10345","-119.63006","row","x50_y51","36N_119.5W","400865"
"243387","243387","243387","33.48631","-117.26335","woody_perennial","x50_y43","33.5N_117.5W","243387"
"43456","43456","43456","32.71104","-115.67323","woody_perennial","x52_y39","32.5N_115.5W","43456"
"760","760","760","35.44004","-119.32721","woody_perennial","x49_y49","35.5N_119.5W","760"
"72968","72968","72968","37.10082","-120.93533","woody_perennial","x49_y54","37N_121W","72968"
"318750","318750","318750","38.25731","-121.21399","woody_perennial","x50_y57","38.5N_121W","318750"
"408021","408021","408021","32.77131","-114.80331","woody_perennial","x53_y38","33N_115W","408021"
"53198","53198","53198","36.06301","-119.09313","grass","x51_y50","36N_119W","53198"
"469607","469607","469607","34.77972","-120.40865","row","x47_y49","35N_120.5W","469607"
"163606","163606","163606","34.39457","-119.42198","woody_perennial","x48_y47","34.5N_119.5W","163606"
"493200","493200","493200","34.38081","-118.96213","woody_perennial","x48_y46","34.5N_119W","493200"
"286932","286932","286932","36.86036","-120.09098","row","x50_y53","37N_120W","286932"
"25707","25707","25707","37.78229","-121.13469","woody_perennial","x50_y56","38N_121W","25707"
"405711","405711","405711","35.82222","-119.23579","woody_perennial","x50_y50","36N_119W","405711"
"410645","410645","410645","36.24602","-119.31103","woody_perennial","x51_y50","36N_119.5W","410645"
"556273","556273","556273","34.83382","-116.65567","row","x53_y45","35N_116.5W","556273"
"565840","565840","565840","34.53278","-120.34627","woody_perennial","x46_y48","34.5N_120.5W","565840"
"359342","359342","359342","40.42054","-122.21539","row","x52_y62","40.5N_122W","359342"
"595971","595971","595971","39.18903","-121.96592","woody_perennial","x51_y59","39N_122W","595971"
"505989","505989","505989","34.62133","-120.01132","woody_perennial","x47_y48","34.5N_120W","505989"
"286518","286518","286518","34.86616","-120.35801","woody_perennial","x47_y49","35N_120.5W","286518"
"347143","347143","347143","38.70941","-122.85851","woody_perennial","x49_y59","38.5N_123W","347143"
"277461","277461","277461","34.96745","-118.89957","corn","x49_y47","35N_119W","277461"
"106716","106716","106716","36.96866","-121.79893","woody_perennial","x48_y55","37N_122W","106716"
"99995","99995","99995","39.33342","-121.67055","row","x51_y59","39.5N_121.5W","99995"
"192564","192564","192564","33.17569","-115.85975","row","x52_y40","33N_116W","192564"
"39011","39011","39011","36.94866","-120.6381","woody_perennial","x49_y53","37N_120.5W","39011"
"17046","17046","17046","37.26036","-122.37929","row","x47_y56","37.5N_122.5W","17046"
"318783","318783","318783","38.44698","-121.538","row","x50_y57","38.5N_121.5W","318783"
"477002","477002","477002","38.34605","-119.46746","woody_perennial","x53_y55","38.5N_119.5W","477002"
"562455","562455","562455","36.62645","-120.22098","woody_perennial","x50_y52","36.5N_120W","562455"
"205121","205121","205121","35.52145","-119.19089","grass","x50_y49","35.5N_119W","205121"
"429829","429829","429829","34.21781","-118.97914","alfalfa","x48_y46","34N_119W","429829"
"49188","49188","49188","36.57806","-120.13984","row","x50_y52","36.5N_120W","49188"
"19198","19198","19198","37.12113","-122.15607","woody_perennial","x47_y55","37N_122W","19198"
"7667","7667","7667","40.64377","-124.26755","woody_perennial","x49_y65","40.5N_124.5W","7667"
"107015","107015","107015","38.11944","-121.42619","woody_perennial","x50_y57","38N_121.5W","107015"
"102009","102009","102009","38.23836","-122.79404","woody_perennial","x48_y58","38N_123W","102009"
"235882","235882","235882","41.86211","-120.08066","woody_perennial","x57_y62","42N_120W","235882"
"41011","41011","41011","33.02252","-116.84832","woody_perennial","x50_y41","33N_117W","41011"
"207582","207582","207582","35.61225","-120.87508","soil","x47_y51","35.5N_121W","207582"
"19261","19261","19261","33.56866","-116.2076","row","x52_y42","33.5N_116W","19261"
"41411","41411","41411","33.56398","-116.03409","woody_perennial","x52_y41","33.5N_116W","41411"
"223785","223785","223785","37.33413","-118.3837","row","x53_y52","37.5N_118.5W","223785"
"178029","178029","178029","35.9962","-120.91859","woody_perennial","x48_y52","36N_121W","178029"
"521204","521204","521204","39.16639","-122.98011","alfalfa","x49_y60","39N_123W","521204"
"589921","589921","589921","38.16071","-122.67767","woody_perennial","x48_y58","38N_122.5W","589921"
"255927","255927","255927","37.81668","-120.66818","woody_perennial","x51_y55","38N_120.5W","255927"
"270755","270755","270755","33.68051","-116.22146","woody_perennial","x52_y42","33.5N_116W","270755"
"524150","524150","524150","33.30186","-116.36802","grass","x51_y41","33.5N_116.5W","524150"
"495651","495651","495651","37.85143","-121.45554","woody_perennial","x49_y56","38N_121.5W","495651"
"266132","266132","266132","38.09546","-121.08321","row","x50_y56","38N_121W","266132"
"360310","360310","360310","34.23526","-118.96058","woody_perennial","x48_y46","34N_119W","360310"
"387508","387508","387508","36.76185","-121.63389","row","x48_y54","37N_121.5W","387508"
"275287","275287","275287","39.11151","-123.17097","woody_perennial","x49_y60","39N_123W","275287"
"89200","89200","89200","32.69144","-115.30494","grass","x52_y39","32.5N_115.5W","89200"
"495976","495976","495976","38.76695","-122.14034","woody_perennial","x50_y59","39N_122W","495976"
"251948","251948","251948","37.01787","-121.64346","woody_perennial","x48_y55","37N_121.5W","251948"
"223662","223662","223662","38.14125","-121.64551","row","x50_y57","38N_121.5W","223662"
"447752","447752","447752","36.64598","-119.49637","woody_perennial","x51_y51","36.5N_119.5W","447752"
"364650","364650","364650","32.82591","-115.72961","woody_perennial","x52_y40","33N_115.5W","364650"
"165361","165361","165361","34.27509","-119.08317","woody_perennial","x48_y46","34.5N_119W","165361"
"147228","147228","147228","38.91106","-121.73415","grass","x51_y58","39N_121.5W","147228"
"127250","127250","127250","36.66402","-119.84221","alfalfa","x50_y52","36.5N_120W","127250"
"550006","550006","550006","33.56766","-116.02523","woody_perennial","x52_y41","33.5N_116W","550006"
"271747","271747","271747","38.75684","-120.679","corn","x52_y57","39N_120.5W","271747"
"81759","81759","81759","41.56209","-122.86197","woody_perennial","x53_y65","41.5N_123W","81759"
"111075","111075","111075","37.04019","-120.58648","woody_perennial","x50_y53","37N_120.5W","111075"
"599547","599547","599547","38.15096","-121.60357","woody_perennial","x50_y57","38N_121.5W","599547"
"125228","125228","125228","35.98791","-119.1153","woody_perennial","x50_y50","36N_119W","125228"
"397180","397180","397180","40.18569","-120.3544","grass","x54_y59","40N_120.5W","397180"
"133817","133817","133817","35.05618","-119.31247","woody_perennial","x49_y48","35N_119.5W","133817"
"115021","115021","115021","40.41532","-122.23149","woody_perennial","x52_y62","40.5N_122W","115021"
"567080","567080","567080","38.63931","-121.71489","woody_perennial","x50_y58","38.5N_121.5W","567080"
"219683","219683","219683","39.77513","-122.25744","grass","x51_y61","40N_122.5W","219683"
"199905","199905","199905","39.15879","-121.76069","woody_perennial","x51_y59","39N_122W","199905"
"223891","223891","223891","36.99489","-121.73365","grass","x48_y55","37N_121.5W","223891"
"326568","326568","326568","36.54901","-119.31053","row","x51_y51","36.5N_119.5W","326568"
"69792","69792","69792","38.33716","-121.51585","woody_perennial","x50_y57","38.5N_121.5W","69792"
"313668","313668","313668","39.39649","-121.70382","grass","x51_y59","39.5N_121.5W","313668"
"215991","215991","215991","36.62323","-119.38305","rice","x51_y51","36.5N_119.5W","215991"
"2633","2633","2633","35.41801","-119.24631","woody_perennial","x49_y49","35.5N_119W","2633"
"327277","327277","327277","32.75913","-114.63013","woody_perennial","x54_y38","33N_114.5W","327277"
"367360","367360","367360","36.67479","-120.59796","woody_perennial","x49_y53","36.5N_120.5W","367360"
"137683","137683","137683","33.8267","-117.34672","woody_perennial","x50_y43","34N_117.5W","137683"
"493365","493365","493365","34.45515","-119.21903","woody_perennial","x48_y47","34.5N_119W","493365"
"403898","403898","403898","38.27313","-121.57184","corn","x50_y57","38.5N_121.5W","403898"
"211221","211221","211221","33.48647","-116.12826","woody_perennial","x52_y41","33.5N_116W","211221"
"73900","73900","73900","36.49575","-119.23625","rice","x51_y51","36.5N_119W","73900"
"320819","320819","320819","33.57961","-114.58969","rice","x55_y40","33.5N_114.5W","320819"
"543504","543504","543504","38.94246","-121.18782","woody_perennial","x51_y58","39N_121W","543504"
"269557","269557","269557","35.30249","-118.92261","row","x50_y48","35.5N_119W","269557"
"250086","250086","250086","41.79557","-122.03561","woody_perennial","x54_y64","42N_122W","250086"
"226443","226443","226443","32.78124","-114.60422","woody_perennial","x54_y38","33N_114.5W","226443"
"311662","311662","311662","36.42571","-119.1879","woody_perennial","x51_y51","36.5N_119W","311662"
"121789","121789","121789","33.29426","-117.06585","soil","x50_y42","33.5N_117W","121789"
"480403","480403","480403","34.77013","-120.36308","woody_perennial","x47_y49","35N_120.5W","480403"
"70470","70470","70470","37.9846","-121.55189","woody_perennial","x50_y56","38N_121.5W","70470"
"509870","509870","509870","38.30915","-121.58141","grass","x50_y57","38.5N_121.5W","509870"
"255138","255138","255138","39.00593","-121.6514","row","x51_y58","39N_121.5W","255138"
"289910","289910","289910","36.41548","-119.8059","woody_perennial","x50_y51","36.5N_120W","289910"
"333265","333265","333265","33.80265","-117.03285","alfalfa","x51_y43","34N_117W","333265"
"134608","134608","134608","36.12598","-120.13633","woody_perennial","x49_y51","36N_120W","134608"
"257008","257008","257008","37.9745","-121.41","row","x50_y56","38N_121.5W","257008"
"481784","481784","481784","39.97264","-122.1588","woody_perennial","x51_y61","40N_122W","481784"
"444839","444839","444839","38.9972","-121.7498","grass","x51_y59","39N_121.5W","444839"
"562083","562083","562083","36.84918","-120.52457","woody_perennial","x49_y53","37N_120.5W","562083"
"585357","585357","585357","38.04403","-121.53695","grass","x50_y56","38N_121.5W","585357"
"307673","307673","307673","39.52753","-122.01976","woody_perennial","x51_y60","39.5N_122W","307673"
"41258","41258","41258","34.26981","-119.14709","woody_perennial","x48_y46","34.5N_119W","41258"
"330199","330199","330199","36.39984","-119.1143","row","x51_y51","36.5N_119W","330199"
"168762","168762","168762","38.91756","-121.23676","grass","x51_y58","39N_121W","168762"
"86476","86476","86476","35.60742","-120.7245","row","x47_y51","35.5N_120.5W","86476"
"139907","139907","139907","33.44242","-114.73262","row","x54_y40","33.5N_114.5W","139907"
"314633","314633","314633","36.97752","-121.7726","woody_perennial","x48_y55","37N_122W","314633"
"89228","89228","89228","33.64857","-114.60419","woody_perennial","x55_y40","33.5N_114.5W","89228"
"355485","355485","355485","38.39621","-121.56335","woody_perennial","x50_y57","38.5N_121.5W","355485"
"527390","527390","527390","35.29902","-120.42262","woody_perennial","x47_y50","35.5N_120.5W","527390"
"464507","464507","464507","36.92757","-120.58228","alfalfa","x49_y53","37N_120.5W","464507"
"281349","281349","281349","37.72991","-121.76428","woody_perennial","x49_y56","37.5N_122W","281349"
"24356","24356","24356","36.36481","-120.19846","row","x49_y52","36.5N_120W","24356"
"544692","544692","544692","36.91435","-120.0523","woody_perennial","x50_y53","37N_120W","544692"
"596488","596488","596488","34.66284","-120.53008","woody_perennial","x46_y49","34.5N_120.5W","596488"
"420598","420598","420598","36.92834","-121.75133","woody_perennial","x48_y55","37N_122W","420598"
"143843","143843","143843","35.0607","-120.47768","woody_perennial","x47_y49","35N_120.5W","143843"
"233974","233974","233974","35.25023","-119.05453","woody_perennial","x50_y48","35.5N_119W","233974"
"228257","228257","228257","40.2826","-124.25085","alfalfa","x49_y64","40.5N_124.5W","228257"
"581738","581738","581738","38.60077","-122.88444","grass","x48_y59","38.5N_123W","581738"
"350727","350727","350727","36.26807","-120.04092","row","x49_y51","36.5N_120W","350727"
"273932","273932","273932","36.622","-119.52426","woody_perennial","x51_y51","36.5N_119.5W","273932"
"559171","559171","559171","41.96128","-121.43776","soil","x55_y64","42N_121.5W","559171"
"513645","513645","513645","34.32268","-118.96179","woody_perennial","x48_y46","34.5N_119W","513645"
"158746","158746","158746","35.27437","-120.711","grass","x47_y50","35.5N_120.5W","158746"
"426181","426181","426181","38.80769","-121.62642","row","x51_y58","39N_121.5W","426181"
"414485","414485","414485","41.81277","-122.0172","woody_perennial","x54_y64","42N_122W","414485"
"319098","319098","319098","39.9556","-122.22459","woody_perennial","x51_y61","40N_122W","319098"
"310264","310264","310264","36.98245","-120.61013","soil","x50_y53","37N_120.5W","310264"
"354570","354570","354570","36.42914","-119.7726","soil","x50_y51","36.5N_120W","354570"
"438819","438819","438819","37.93102","-121.01057","row","x50_y56","38N_121W","438819"
"388014","388014","388014","35.64828","-120.80865","woody_perennial","x47_y51","35.5N_121W","388014"
"120852","120852","120852","38.0892","-121.42196","woody_perennial","x50_y56","38N_121.5W","120852"
"218814","218814","218814","38.70113","-122.83687","woody_perennial","x49_y59","38.5N_123W","218814"
"64470","64470","64470","38.62027","-122.37181","row","x49_y59","38.5N_122.5W","64470"
"245413","245413","245413","35.87147","-119.58689","woody_perennial","x50_y50","36N_119.5W","245413"
"97745","97745","97745","39.74526","-121.94542","row","x51_y60","39.5N_122W","97745"
"66468","66468","66468","34.3847","-118.83875","row","x49_y46","34.5N_119W","66468"
"275760","275760","275760","38.19793","-121.50915","woody_perennial","x50_y57","38N_121.5W","275760"
"86724","86724","86724","41.90397","-121.33877","woody_perennial","x55_y64","42N_121.5W","86724"
"217299","217299","217299","34.04563","-117.13589","woody_perennial","x51_y44","34N_117W","217299"
"204302","204302","204302","38.09341","-121.53143","woody_perennial","x50_y57","38N_121.5W","204302"
"551230","551230","551230","37.78252","-121.11372","soil","x50_y56","38N_121W","551230"
"444485","444485","444485","41.82441","-122.02069","rice","x54_y64","42N_122W","444485"
"170584","170584","170584","38.77235","-122.97633","woody_perennial","x49_y60","39N_123W","170584"
"244672","244672","244672","36.95564","-121.81229","woody_perennial","x48_y55","37N_122W","244672"
"291573","291573","291573","39.85059","-122.2681","rice","x51_y61","40N_122.5W","291573"
"491636","491636","491636","36.76049","-121.71598","woody_perennial","x47_y54","37N_121.5W","491636"
"78297","78297","78297","37.00977","-121.95496","woody_perennial","x47_y55","37N_122W","78297"
"701","701","701","37.76404","-121.32411","woody_perennial","x50_y56","38N_121.5W","701"
"252737","252737","252737","34.67917","-120.37034","woody_perennial","x47_y49","34.5N_120.5W","252737"
"146095","146095","146095","41.98883","-120.29362","corn","x57_y63","42N_120.5W","146095"
"137693","137693","137693","34.24328","-118.93553","row","x48_y46","34N_119W","137693"
"415465","415465","415465","37.05445","-121.5756","woody_perennial","x48_y55","37N_121.5W","415465"
"552703","552703","552703","38.87342","-123.11275","woody_perennial","x48_y60","39N_123W","552703"
"171608","171608","171608","36.5745","-119.29381","alfalfa","x51_y51","36.5N_119.5W","171608"
"10279","10279","10279","36.04126","-120.01718","row","x49_y51","36N_120W","10279"
"266788","266788","266788","38.18481","-120.48638","woody_perennial","x51_y56","38N_120.5W","266788"
"206311","206311","206311","35.8238","-120.37173","woody_perennial","x48_y51","36N_120.5W","206311"
"410284","410284","410284","36.62911","-120.46285","woody_perennial","x49_y53","36.5N_120.5W","410284"
"120266","120266","120266","33.52117","-116.12051","woody_perennial","x52_y41","33.5N_116W","120266"
"428416","428416","428416","34.19448","-119.13587","grass","x48_y46","34N_119W","428416"
"120409","120409","120409","35.46589","-119.12406","woody_perennial","x50_y49","35.5N_119W","120409"
"393904","393904","393904","36.84868","-119.94996","woody_perennial","x50_y52","37N_120W","393904"
"74339","74339","74339","36.42752","-119.13045","alfalfa","x51_y51","36.5N_119W","74339"
"334631","334631","334631","36.64499","-119.81199","woody_perennial","x50_y52","36.5N_120W","334631"
"161135","161135","161135","34.62799","-120.32752","soil","x47_y48","34.5N_120.5W","161135"
"321919","321919","321919","33.57823","-114.56351","row","x55_y40","33.5N_114.5W","321919"
"80019","80019","80019","40.3751","-122.18407","grass","x52_y62","40.5N_122W","80019"
"283043","283043","283043","38.75598","-120.85975","soil","x52_y57","39N_121W","283043"
"86315","86315","86315","38.77493","-121.87944","woody_perennial","x50_y58","39N_122W","86315"
"255045","255045","255045","36.49834","-119.81135","woody_perennial","x50_y52","36.5N_120W","255045"
"456301","456301","456301","35.69424","-118.24644","woody_perennial","x51_y48","35.5N_118W","456301"
"61781","61781","61781","35.23965","-118.99017","woody_perennial","x50_y48","35N_119W","61781"
"31278","31278","31278","39.4822","-122.23141","woody_perennial","x51_y60","39.5N_122W","31278"
"400815","400815","400815","36.85726","-121.68082","woody_perennial","x48_y54","37N_121.5W","400815"
"548153","548153","548153","33.52815","-116.01673","woody_perennial","x52_y41","33.5N_116W","548153"
"374122","374122","374122","38.08131","-121.48001","soil","x50_y56","38N_121.5W","374122"
"439903","439903","439903","38.62359","-121.70574","grass","x50_y58","38.5N_121.5W","439903"
"220146","220146","220146","35.69499","-120.63303","soil","x48_y51","35.5N_120.5W","220146"
"442307","442307","442307","38.04699","-121.39767","woody_perennial","x50_y56","38N_121.5W","442307"
"445963","445963","445963","35.78427","-119.14419","woody_perennial","x50_y49","36N_119W","445963"
"364933","364933","364933","41.52042","-120.14699","row","x57_y62","41.5N_120W","364933"
"163533","163533","163533","38.10378","-121.46026","woody_perennial","x50_y57","38N_121.5W","163533"
"178578","178578","178578","39.5046","-123.76745","woody_perennial","x48_y62","39.5N_124W","178578"
"10803","10803","10803","38.27304","-121.12757","woody_perennial","x51_y56","38.5N_121W","10803"
"320099","320099","320099","37.46254","-120.81369","rice","x50_y55","37.5N_121W","320099"
"206783","206783","206783","36.27891","-120.11923","alfalfa","x49_y51","36.5N_120W","206783"
"144679","144679","144679","39.76296","-122.1802","corn","x51_y61","40N_122W","144679"
"130800","130800","130800","38.05584","-121.4908","grass","x50_y56","38N_121.5W","130800"
"503927","503927","503927","36.20855","-119.41402","woody_perennial","x50_y51","36N_119.5W","503927"
"515618","515618","515618","38.26997","-121.61143","woody_perennial","x50_y57","38.5N_121.5W","515618"
"307892","307892","307892","40.55603","-124.06163","grass","x50_y64","40.5N_124W","307892"
"164887","164887","164887","35.27506","-120.71493","woody_perennial","x47_y50","35.5N_120.5W","164887"
"112229","112229","112229","33.45771","-114.7199","woody_perennial","x54_y40","33.5N_114.5W","112229"
"143872","143872","143872","39.14059","-121.55773","alfalfa","x51_y59","39N_121.5W","143872"
"79443","79443","79443","38.2264","-121.26163","woody_perennial","x50_y57","38N_121.5W","79443"
"642","642","642","36.94409","-121.74722","grass","x48_y55","37N_121.5W","642"
"90097","90097","90097","34.38647","-119.45079","woody_perennial","x48_y47","34.5N_119.5W","90097"
"429885","429885","429885","39.95717","-120.04804","alfalfa","x55_y59","40N_120W","429885"
"303467","303467","303467","39.02359","-121.56472","woody_perennial","x51_y58","39N_121.5W","303467"
"133447","133447","133447","38.7959","-121.64783","woody_perennial","x51_y58","39N_121.5W","133447"
"230066","230066","230066","38.75729","-120.69273","woody_perennial","x52_y57","39N_120.5W","230066"
"38102","38102","38102","33.69273","-114.57033","rice","x55_y40","33.5N_114.5W","38102"
"584738","584738","584738","36.41369","-119.79963","woody_perennial","x50_y51","36.5N_120W","584738"
"243208","243208","243208","35.31937","-118.80393","woody_perennial","x50_y48","35.5N_119W","243208"
"81199","81199","81199","33.16667","-115.8598","grass","x52_y40","33N_116W","81199"
"335509","335509","335509","36.92446","-120.60638","woody_perennial","x49_y53","37N_120.5W","335509"
"454839","454839","454839","34.88004","-120.34383","woody_perennial","x47_y49","35N_120.5W","454839"
"510132","510132","510132","33.36226","-116.7552","woody_perennial","x51_y42","33.5N_117W","510132"
"171738","171738","171738","33.59625","-116.23912","row","x52_y42","33.5N_116W","171738"
"118252","118252","118252","40.6093","-121.87994","woody_perennial","x53_y62","40.5N_122W","118252"
"506975","506975","506975","39.64729","-123.41883","woody_perennial","x49_y62","39.5N_123.5W","506975"
"415266","415266","415266","38.11816","-121.41799","row","x50_y56","38N_121.5W","415266"
"159379","159379","159379","39.03242","-121.58898","grass","x51_y58","39N_121.5W","159379"
"230310","230310","230310","41.56314","-122.91805","grass","x53_y65","41.5N_123W","230310"
"116141","116141","116141","38.3686","-122.83928","woody_perennial","x48_y59","38.5N_123W","116141"
"340099","340099","340099","35.81068","-119.12993","woody_perennial","x50_y49","36N_119W","340099"
"559914","559914","559914","35.79981","-119.15764","row","x50_y49","36N_119W","559914"
"553006","553006","553006","41.91014","-124.18086","woody_perennial","x51_y67","42N_124W","553006"
"99113","99113","99113","34.49094","-117.93691","row","x50_y45","34.5N_118W","99113"
"569140","569140","569140","32.70588","-115.58248","woody_perennial","x52_y39","32.5N_115.5W","569140"
"36999","36999","36999","33.67512","-116.21092","woody_perennial","x52_y42","33.5N_116W","36999"
"266954","266954","266954","40.42137","-123.93159","woody_perennial","x50_y64","40.5N_124W","266954"
"451406","451406","451406","35.67939","-120.65204","woody_perennial","x48_y51","35.5N_120.5W","451406"
"416113","416113","416113","33.53194","-114.72478","woody_perennial","x54_y40","33.5N_114.5W","416113"
"31786","31786","31786","36.86256","-120.50443","woody_perennial","x50_y53","37N_120.5W","31786"
"386905","386905","386905","38.98537","-122.65901","woody_perennial","x49_y60","39N_122.5W","386905"
"152754","152754","152754","38.15339","-122.4244","woody_perennial","x48_y58","38N_122.5W","152754"
"153759","153759","153759","35.41803","-120.79601","grass","x47_y51","35.5N_121W","153759"
"817","817","817","39.44474","-122.2712","woody_perennial","x51_y60","39.5N_122.5W","817"
"88648","88648","88648","38.34142","-121.48873","woody_perennial","x50_y57","38.5N_121.5W","88648"
"5782","5782","5782","33.66572","-116.13912","woody_perennial","x52_y42","33.5N_116W","5782"
"307567","307567","307567","38.94085","-121.47581","woody_perennial","x51_y58","39N_121.5W","307567"
"332642","332642","332642","34.41922","-119.52418","soil","x48_y47","34.5N_119.5W","332642"
"140405","140405","140405","35.45353","-120.41708","woody_perennial","x48_y50","35.5N_120.5W","140405"
"133428","133428","133428","40.33123","-120.32205","alfalfa","x55_y60","40.5N_120.5W","133428"
"292176","292176","292176","41.02323","-121.39266","woody_perennial","x54_y62","41N_121.5W","292176"
"508733","508733","508733","36.37544","-120.01744","woody_perennial","x50_y52","36.5N_120W","508733"
"132999","132999","132999","39.63515","-121.71266","woody_perennial","x52_y60","39.5N_121.5W","132999"
"10628","10628","10628","32.79193","-116.67675","row","x50_y41","33N_116.5W","10628"
"67463","67463","67463","33.27308","-117.13329","woody_perennial","x50_y42","33.5N_117W","67463"
"472877","472877","472877","33.10771","-115.4216","woody_perennial","x53_y40","33N_115.5W","472877"
"63057","63057","63057","33.6288","-116.08021","woody_perennial","x52_y42","33.5N_116W","63057"
"437631","437631","437631","41.06141","-123.69145","row","x51_y65","41N_123.5W","437631"
"172869","172869","172869","36.26636","-119.97011","woody_perennial","x49_y51","36.5N_120W","172869"
"188596","188596","188596","33.98638","-117.61873","row","x50_y44","34N_117.5W","188596"
"405630","405630","405630","32.81426","-114.56363","woody_perennial","x54_y38","33N_114.5W","405630"
"290553","290553","290553","33.64739","-116.13132","woody_perennial","x52_y42","33.5N_116W","290553"
"454467","454467","454467","35.11048","-118.97434","grass","x49_y48","35N_119W","454467"
"2868","2868","2868","33.13402","-115.7991","row","x52_y40","33N_116W","2868"
"172771","172771","172771","34.1761","-119.04423","row","x48_y46","34N_119W","172771"
"451169","451169","451169","35.80495","-120.34615","woody_perennial","x48_y51","36N_120.5W","451169"
"58585","58585","58585","33.53896","-115.9727","woody_perennial","x52_y41","33.5N_116W","58585"
"13790","13790","13790","38.71219","-121.58504","woody_perennial","x51_y58","38.5N_121.5W","13790"
"33304","33304","33304","35.96553","-119.01883","woody_perennial","x51_y50","36N_119W","33304"
"518947","518947","518947","40.37291","-122.27124","grass","x52_y62","40.5N_122.5W","518947"
"561165","561165","561165","36.83512","-121.66283","woody_perennial","x48_y54","37N_121.5W","561165"
"263570","263570","263570","36.97844","-121.73321","soil","x48_y55","37N_121.5W","263570"
"570863","570863","570863","37.04185","-120.71972","woody_perennial","x49_y54","37N_120.5W","570863"
"558286","558286","558286","38.99369","-122.6148","woody_perennial","x49_y60","39N_122.5W","558286"
"73897","73897","73897","37.72156","-120.7812","woody_perennial","x50_y55","37.5N_121W","73897"
"340589","340589","340589","37.08234","-120.18227","woody_perennial","x50_y53","37N_120W","340589"
"162071","162071","162071","35.22191","-118.80187","woody_perennial","x50_y48","35N_119W","162071"
"33996","33996","33996","36.47953","-119.202","woody_perennial","x51_y51","36.5N_119W","33996"
"280819","280819","280819","34.60862","-120.31135","woody_perennial","x47_y48","34.5N_120.5W","280819"
"201623","201623","201623","38.75004","-120.67836","woody_perennial","x52_y57","39N_120.5W","201623"
"12665","12665","12665","41.91133","-124.1527","woody_perennial","x51_y67","42N_124W","12665"
"563798","563798","563798","39.38806","-121.67231","woody_perennial","x51_y59","39.5N_121.5W","563798"
"459471","459471","459471","35.87479","-119.61346","row","x50_y50","36N_119.5W","459471"
"117309","117309","117309","36.93532","-121.7617","woody_perennial","x48_y55","37N_122W","117309"
"182634","182634","182634","38.16244","-121.48031","row","x50_y57","38N_121.5W","182634"
"561403","561403","561403","36.56022","-119.41402","woody_perennial","x51_y51","36.5N_119.5W","561403"
"505123","505123","505123","36.98337","-121.74404","row","x48_y55","37N_121.5W","505123"
"18586","18586","18586","38.30007","-121.51504","woody_perennial","x50_y57","38.5N_121.5W","18586"
"73085","73085","73085","39.6691","-122.19022","row","x51_y60","39.5N_122W","73085"
"517897","517897","517897","38.44561","-122.43088","woody_perennial","x49_y58","38.5N_122.5W","517897"
"364356","364356","364356","36.7982","-120.63127","grass","x49_y53","37N_120.5W","364356"
"122980","122980","122980","37.19074","-120.40785","woody_perennial","x50_y54","37N_120.5W","122980"
"303652","303652","303652","35.25109","-119.01986","woody_perennial","x50_y48","35.5N_119W","303652"
"465301","465301","465301","39.34273","-123.13238","grass","x49_y61","39.5N_123W","465301"
"20332","20332","20332","33.53554","-116.02451","alfalfa","x52_y41","33.5N_116W","20332"
"369870","369870","369870","37.8032","-121.25472","woody_perennial","x50_y56","38N_121.5W","369870"
"219636","219636","219636","34.38017","-118.97959","grass","x48_y46","34.5N_119W","219636"
"263711","263711","263711","38.93146","-121.86912","woody_perennial","x50_y59","39N_122W","263711"
"328468","328468","328468","34.55027","-119.83853","row","x47_y48","34.5N_120W","328468"
"408105","408105","408105","32.87429","-115.61771","soil","x52_y40","33N_115.5W","408105"
"7369","7369","7369","39.26599","-123.23886","woody_perennial","x49_y61","39.5N_123W","7369"
"492692","492692","492692","33.17168","-115.50958","alfalfa","x53_y40","33N_115.5W","492692"
"309783","309783","309783","38.79678","-121.14372","woody_perennial","x51_y57","39N_121W","309783"
"83841","83841","83841","36.37935","-119.83209","woody_perennial","x50_y51","36.5N_120W","83841"
"120795","120795","120795","38.51248","-122.47305","woody_perennial","x49_y58","38.5N_122.5W","120795"
"499133","499133","499133","37.33286","-120.84455","woody_perennial","x50_y54","37.5N_121W","499133"
"2534","2534","2534","34.06736","-117.09785","alfalfa","x51_y44","34N_117W","2534"
"5334","5334","5334","33.46845","-116.08413","woody_perennial","x52_y41","33.5N_116W","5334"
"518464","518464","518464","33.21924","-116.99879","grass","x50_y42","33N_117W","518464"
"227294","227294","227294","36.65035","-120.32037","grass","x49_y52","36.5N_120.5W","227294"
"235960","235960","235960","36.14086","-120.31785","woody_perennial","x49_y51","36N_120.5W","235960"
"53274","53274","53274","40.80336","-121.89442","soil","x53_y62","41N_122W","53274"
"373865","373865","373865","36.84718","-120.07634","woody_perennial","x50_y53","37N_120W","373865"
"43620","43620","43620","35.23183","-118.99283","alfalfa","x50_y48","35N_119W","43620"
"392686","392686","392686","38.52318","-122.54818","woody_perennial","x49_y59","38.5N_122.5W","392686"
"353550","353550","353550","36.54873","-120.39342","row","x49_y52","36.5N_120.5W","353550"
"431534","431534","431534","39.04638","-121.61901","woody_perennial","x51_y59","39N_121.5W","431534"
"397642","397642","397642","37.02835","-120.63292","woody_perennial","x50_y53","37N_120.5W","397642"
"489526","489526","489526","33.53699","-115.94696","woody_perennial","x52_y41","33.5N_116W","489526"
"581550","581550","581550","40.34356","-122.36755","woody_perennial","x52_y62","40.5N_122.5W","581550"
"526900","526900","526900","34.18284","-119.03367","soil","x48_y46","34N_119W","526900"
"103636","103636","103636","32.75058","-114.65587","grass","x54_y38","33N_114.5W","103636"
"490482","490482","490482","36.3348","-119.18601","woody_perennial","x51_y51","36.5N_119W","490482"
"20531","20531","20531","33.57594","-116.19346","alfalfa","x52_y42","33.5N_116W","20531"
"517018","517018","517018","36.52675","-120.11851","grass","x50_y52","36.5N_120W","517018"
"503826","503826","503826","34.90138","-120.40198","woody_perennial","x47_y49","35N_120.5W","503826"
"411388","411388","411388","39.19902","-121.92307","woody_perennial","x51_y59","39N_122W","411388"
"207691","207691","207691","38.20888","-121.69281","woody_perennial","x50_y57","38N_121.5W","207691"
"551880","551880","551880","40.68222","-124.24257","woody_perennial","x50_y65","40.5N_124W","551880"
"373931","373931","373931","39.16872","-121.50911","woody_perennial","x51_y59","39N_121.5W","373931"
"68062","68062","68062","40.0742","-122.17445","soil","x52_y61","40N_122W","68062"
"362991","362991","362991","38.73015","-122.54554","woody_perennial","x49_y59","38.5N_122.5W","362991"
"195679","195679","195679","32.80148","-114.5897","row","x54_y38","33N_114.5W","195679"
"73024","73024","73024","38.28163","-121.56538","woody_perennial","x50_y57","38.5N_121.5W","73024"
"97530","97530","97530","34.60961","-120.21221","woody_perennial","x47_y48","34.5N_120W","97530"
"129108","129108","129108","33.59636","-116.10745","woody_perennial","x52_y42","33.5N_116W","129108"
"371684","371684","371684","32.69979","-115.38933","row","x52_y39","32.5N_115.5W","371684"
"81676","81676","81676","36.55803","-120.20238","row","x50_y52","36.5N_120W","81676"
"251373","251373","251373","38.89715","-121.51264","woody_perennial","x51_y58","39N_121.5W","251373"
"461079","461079","461079","39.09553","-121.63309","soil","x51_y59","39N_121.5W","461079"
"51874","51874","51874","32.72107","-115.42447","woody_perennial","x52_y39","32.5N_115.5W","51874"
"225094","225094","225094","33.30833","-117.03807","alfalfa","x50_y42","33.5N_117W","225094"
"94455","94455","94455","38.80522","-121.80024","woody_perennial","x50_y58","39N_122W","94455"
"238776","238776","238776","34.63226","-120.26722","woody_perennial","x47_y48","34.5N_120.5W","238776"
"345268","345268","345268","35.87876","-119.5689","woody_perennial","x50_y50","36N_119.5W","345268"
"295975","295975","295975","35.69253","-119.95896","woody_perennial","x49_y50","35.5N_120W","295975"
"491512","491512","491512","35.49947","-119.3211","corn","x49_y49","35.5N_119.5W","491512"
"362856","362856","362856","37.83809","-121.53372","woody_perennial","x49_y56","38N_121.5W","362856"
"387381","387381","387381","37.43765","-118.57936","woody_perennial","x53_y52","37.5N_118.5W","387381"
"529703","529703","529703","36.99659","-121.77902","row","x48_y55","37N_122W","529703"
"557697","557697","557697","38.22403","-121.71933","woody_perennial","x50_y57","38N_121.5W","557697"
"329118","329118","329118","33.51499","-116.13187","woody_perennial","x52_y41","33.5N_116W","329118"
"11454","11454","11454","36.88616","-121.7812","woody_perennial","x48_y55","37N_122W","11454"
"322658","322658","322658","39.06828","-121.89397","row","x51_y59","39N_122W","322658"
"369136","369136","369136","36.01319","-119.32598","grass","x50_y50","36N_119.5W","369136"
"600573","600573","600573","36.44188","-121.30114","rice","x48_y53","36.5N_121.5W","600573"
"563171","563171","563171","35.31706","-118.78395","woody_perennial","x50_y48","35.5N_119W","563171"
"82527","82527","82527","37.40127","-122.41145","rice","x47_y56","37.5N_122.5W","82527"
"435358","435358","435358","38.45502","-122.78771","woody_perennial","x48_y59","38.5N_123W","435358"
"165372","165372","165372","38.13697","-121.33251","row","x50_y56","38N_121.5W","165372"
"434001","434001","434001","39.7205","-121.93514","row","x51_y60","39.5N_122W","434001"
"365319","365319","365319","41.96327","-121.34721","woody_perennial","x56_y64","42N_121.5W","365319"
"292613","292613","292613","37.48797","-120.54619","soil","x50_y54","37.5N_120.5W","292613"
"146262","146262","146262","37.46849","-117.87193","woody_perennial","x54_y51","37.5N_118W","146262"
"118144","118144","118144","36.28348","-119.28541","woody_perennial","x51_y51","36.5N_119.5W","118144"
"111076","111076","111076","36.50795","-120.09459","woody_perennial","x50_y52","36.5N_120W","111076"
"43649","43649","43649","36.34713","-121.28865","woody_perennial","x48_y53","36.5N_121.5W","43649"
"37812","37812","37812","32.71094","-115.55533","woody_perennial","x52_y39","32.5N_115.5W","37812"
"129047","129047","129047","36.20987","-119.03425","woody_perennial","x51_y50","36N_119W","129047"
"129689","129689","129689","36.39761","-119.10875","corn","x51_y51","36.5N_119W","129689"
"308915","308915","308915","35.21056","-118.77558","row","x50_y48","35N_119W","308915"
"201832","201832","201832","40.00615","-122.11135","woody_perennial","x52_y61","40N_122W","201832"
"348463","348463","348463","36.88941","-120.02179","row","x50_y53","37N_120W","348463"
"85484","85484","85484","38.43605","-121.93599","grass","x50_y58","38.5N_122W","85484"
"550187","550187","550187","38.41307","-122.1161","row","x49_y58","38.5N_122W","550187"
"231340","231340","231340","40.40013","-122.18764","woody_perennial","x52_y62","40.5N_122W","231340"
"450524","450524","450524","35.49468","-119.3357","woody_perennial","x49_y49","35.5N_119.5W","450524"
"112662","112662","112662","33.70814","-114.53611","woody_perennial","x55_y40","33.5N_114.5W","112662"
"115438","115438","115438","39.13621","-123.66054","alfalfa","x48_y61","39N_123.5W","115438"
"104404","104404","104404","38.84465","-121.62736","alfalfa","x51_y58","39N_121.5W","104404"
"446500","446500","446500","39.55364","-121.83706","woody_perennial","x51_y60","39.5N_122W","446500"
"261377","261377","261377","33.5558","-114.61561","row","x55_y40","33.5N_114.5W","261377"
"89192","89192","89192","33.62626","-116.10007","woody_perennial","x52_y42","33.5N_116W","89192"
"275588","275588","275588","36.92369","-120.3705","corn","x50_y53","37N_120.5W","275588"
"182846","182846","182846","36.81895","-120.59355","woody_perennial","x49_y53","37N_120.5W","182846"
"593409","593409","593409","36.23198","-119.71038","woody_perennial","x50_y51","36N_119.5W","593409"
"481824","481824","481824","40.94091","-121.64799","rice","x54_y62","41N_121.5W","481824"
"89138","89138","89138","36.54842","-119.99196","woody_perennial","x50_y52","36.5N_120W","89138"
"122702","122702","122702","38.1138","-121.49031","woody_perennial","x50_y57","38N_121.5W","122702"
"502502","502502","502502","39.75168","-122.17","row","x51_y60","40N_122W","502502"
"276509","276509","276509","38.86828","-121.47307","woody_perennial","x51_y58","39N_121.5W","276509"
"588211","588211","588211","33.7165","-116.90058","rice","x51_y43","33.5N_117W","588211"
"224501","224501","224501","36.25836","-119.20512","row","x51_y50","36.5N_119W","224501"
"567854","567854","567854","36.29486","-120.1893","woody_perennial","x49_y52","36.5N_120W","567854"
"432396","432396","432396","38.36057","-122.65738","row","x48_y58","38.5N_122.5W","432396"
"186976","186976","186976","33.60332","-114.68202","alfalfa","x55_y40","33.5N_114.5W","186976"
"552326","552326","552326","33.62211","-116.14007","grass","x52_y42","33.5N_116W","552326"
"99186","99186","99186","36.33287","-119.14975","woody_perennial","x51_y50","36.5N_119W","99186"
"72184","72184","72184","36.88895","-121.6376","woody_perennial","x48_y54","37N_121.5W","72184"
"127118","127118","127118","39.6735","-122.2231","rice","x51_y60","39.5N_122W","127118"
"27674","27674","27674","38.8115","-121.40722","row","x51_y58","39N_121.5W","27674"
"15445","15445","15445","33.46769","-117.27893","soil","x50_y43","33.5N_117.5W","15445"
"352964","352964","352964","32.93152","-115.65592","grass","x52_y40","33N_115.5W","352964"
"431760","431760","431760","36.70164","-119.84852","woody_perennial","x50_y52","36.5N_120W","431760"
"363893","363893","363893","36.96787","-120.40774","row","x50_y53","37N_120.5W","363893"
"186951","186951","186951","38.32836","-121.6234","alfalfa","x50_y57","38.5N_121.5W","186951"
"311817","311817","311817","34.40901","-118.65641","alfalfa","x49_y46","34.5N_118.5W","311817"
"579196","579196","579196","38.28612","-121.14892","grass","x51_y57","38.5N_121W","579196"
"20192","20192","20192","39.71704","-121.86065","woody_perennial","x52_y60","39.5N_122W","20192"
"156323","156323","156323","38.3435","-121.46878","woody_perennial","x50_y57","38.5N_121.5W","156323"
"125942","125942","125942","37.95684","-121.39241","row","x50_y56","38N_121.5W","125942"
"138312","138312","138312","35.83807","-119.87505","woody_perennial","x49_y50","36N_120W","138312"
"542801","542801","542801","39.21215","-121.46447","soil","x51_y59","39N_121.5W","542801"
"271325","271325","271325","36.44808","-119.091","row","x51_y51","36.5N_119W","271325"
"396700","396700","396700","34.76794","-120.41988","alfalfa","x47_y49","35N_120.5W","396700"
"561674","561674","561674","35.03722","-119.07595","woody_perennial","x49_y48","35N_119W","561674"
"140258","140258","140258","36.98539","-121.79288","row","x48_y55","37N_122W","140258"
"19651","19651","19651","41.76223","-122.53799","alfalfa","x54_y65","42N_122.5W","19651"
"209082","209082","209082","38.77032","-120.57463","woody_perennial","x52_y57","39N_120.5W","209082"
"482667","482667","482667","36.35139","-121.24033","woody_perennial","x48_y53","36.5N_121W","482667"
"547230","547230","547230","32.59054","-116.5122","woody_perennial","x50_y40","32.5N_116.5W","547230"
"309370","309370","309370","35.4687","-119.5804","woody_perennial","x49_y49","35.5N_119.5W","309370"
"74841","74841","74841","38.91789","-121.3633","woody_perennial","x51_y58","39N_121.5W","74841"
"73094","73094","73094","34.85742","-120.26919","grass","x47_y49","35N_120.5W","73094"
"329510","329510","329510","34.78831","-120.309","grass","x47_y49","35N_120.5W","329510"
"509460","509460","509460","35.41498","-119.21417","woody_perennial","x50_y49","35.5N_119W","509460"
"75481","75481","75481","37.0014","-120.61015","corn","x50_y53","37N_120.5W","75481"
"212928","212928","212928","38.44533","-121.86732","grass","x50_y58","38.5N_122W","212928"
"360519","360519","360519","34.90797","-116.57894","woody_perennial","x53_y45","35N_116.5W","360519"
"342431","342431","342431","36.8955","-120.57419","woody_perennial","x49_y53","37N_120.5W","342431"
"371038","371038","371038","36.95244","-121.78867","woody_perennial","x48_y55","37N_122W","371038"
"96964","96964","96964","40.35939","-120.41178","woody_perennial","x55_y60","40.5N_120.5W","96964"
"426005","426005","426005","38.5261","-120.82221","row","x51_y57","38.5N_121W","426005"
"92547","92547","92547","37.6916","-121.2507","woody_perennial","x50_y55","37.5N_121.5W","92547"
"391777","391777","391777","36.80742","-119.98003","corn","x50_y52","37N_120W","391777"
"50473","50473","50473","38.77456","-121.41618","woody_perennial","x51_y58","39N_121.5W","50473"
"549947","549947","549947","38.25128","-122.46468","soil","x49_y58","38.5N_122.5W","549947"
"292467","292467","292467","32.87392","-115.46362","woody_perennial","x52_y39","33N_115.5W","292467"
"42466","42466","42466","35.51698","-119.61953","woody_perennial","x49_y49","35.5N_119.5W","42466"
"402560","402560","402560","40.73353","-124.18146","woody_perennial","x50_y65","40.5N_124W","402560"
"485799","485799","485799","35.92156","-118.97242","soil","x51_y49","36N_119W","485799"
"80974","80974","80974","36.48289","-119.74256","alfalfa","x50_y51","36.5N_119.5W","80974"
"512473","512473","512473","34.39802","-119.49563","woody_perennial","x48_y47","34.5N_119.5W","512473"
"350964","350964","350964","36.57249","-119.44691","woody_perennial","x51_y51","36.5N_119.5W","350964"
"130284","130284","130284","34.46057","-119.83469","woody_perennial","x47_y48","34.5N_120W","130284"
"33000","33000","33000","36.1765","-120.33247","woody_perennial","x49_y51","36N_120.5W","33000"
"589579","589579","589579","38.27266","-119.2561","row","x53_y54","38.5N_119.5W","589579"
"20716","20716","20716","37.86097","-121.43382","woody_perennial","x50_y56","38N_121.5W","20716"
"134786","134786","134786","35.26172","-119.0816","row","x50_y48","35.5N_119W","134786"
"346415","346415","346415","35.60909","-120.75089","woody_perennial","x47_y51","35.5N_121W","346415"
"478228","478228","478228","39.76993","-122.2449","woody_perennial","x51_y61","40N_122W","478228"
"562338","562338","562338","38.51164","-120.75795","woody_perennial","x51_y57","38.5N_121W","562338"
"57431","57431","57431","36.51199","-121.04596","woody_perennial","x48_y53","36.5N_121W","57431"
"439308","439308","439308","34.67333","-118.05432","woody_perennial","x50_y46","34.5N_118W","439308"
"505987","505987","505987","36.58012","-119.79158","woody_perennial","x50_y52","36.5N_120W","505987"
"534778","534778","534778","35.66005","-120.49297","woody_perennial","x48_y51","35.5N_120.5W","534778"
"414695","414695","414695","38.90144","-121.56302","grass","x51_y58","39N_121.5W","414695"
"602533","602533","602533","38.77013","-120.86643","soil","x52_y57","39N_121W","602533"
"242326","242326","242326","38.29396","-121.51343","woody_perennial","x50_y57","38.5N_121.5W","242326"
"436622","436622","436622","36.93644","-120.58453","woody_perennial","x49_y53","37N_120.5W","436622"
"141908","141908","141908","36.83491","-121.66608","woody_perennial","x48_y54","37N_121.5W","141908"
"495228","495228","495228","36.8959","-121.38509","woody_perennial","x48_y54","37N_121.5W","495228"
"331902","331902","331902","37.86889","-121.36758","grass","x50_y56","38N_121.5W","331902"
"509934","509934","509934","40.59931","-122.42171","woody_perennial","x52_y62","40.5N_122.5W","509934"
"160506","160506","160506","33.45248","-116.06456","woody_perennial","x52_y41","33.5N_116W","160506"
"123964","123964","123964","41.18458","-120.97578","woody_perennial","x55_y62","41N_121W","123964"
"369978","369978","369978","36.97364","-119.74198","woody_perennial","x51_y52","37N_119.5W","369978"
"209072","209072","209072","33.17571","-115.86407","woody_perennial","x52_y40","33N_116W","209072"
"159944","159944","159944","35.76465","-119.52381","grass","x50_y50","36N_119.5W","159944"
"289043","289043","289043","34.35676","-119.08529","grass","x48_y46","34.5N_119W","289043"
"123001","123001","123001","33.44902","-116.06678","woody_perennial","x52_y41","33.5N_116W","123001"
"464867","464867","464867","39.68857","-121.79569","woody_perennial","x52_y60","39.5N_122W","464867"
"16395","16395","16395","39.79571","-122.16563","row","x51_y61","40N_122W","16395"
"192976","192976","192976","34.42074","-119.52092","woody_perennial","x48_y47","34.5N_119.5W","192976"
"226465","226465","226465","40.19594","-122.1795","grass","x52_y61","40N_122W","226465"
"20772","20772","20772","40.46081","-120.61196","row","x54_y60","40.5N_120.5W","20772"
"41693","41693","41693","36.03164","-118.97264","grass","x51_y50","36N_119W","41693"
"104422","104422","104422","33.45027","-114.73821","woody_perennial","x54_y40","33.5N_114.5W","104422"
"441642","441642","441642","33.70558","-116.14729","woody_perennial","x52_y42","33.5N_116W","441642"
"232169","232169","232169","36.6964","-119.80096","woody_perennial","x50_y52","36.5N_120W","232169"
"1944","1944","1944","33.14517","-117.26792","woody_perennial","x50_y42","33N_117.5W","1944"
"537223","537223","537223","33.70819","-114.50869","row","x55_y40","33.5N_114.5W","537223"
"327444","327444","327444","38.21229","-121.20686","rice","x50_y56","38N_121W","327444"
"236719","236719","236719","33.6479","-116.17805","woody_perennial","x52_y42","33.5N_116W","236719"
"320061","320061","320061","38.7064","-122.07034","row","x50_y58","38.5N_122W","320061"
"11235","11235","11235","34.95147","-120.61226","corn","x47_y49","35N_120.5W","11235"
"482604","482604","482604","38.46826","-122.82019","row","x48_y59","38.5N_123W","482604"
"582926","582926","582926","34.24769","-119.21817","grass","x48_y46","34N_119W","582926"
"350201","350201","350201","38.08551","-121.44552","row","x50_y56","38N_121.5W","350201"
"142750","142750","142750","39.72322","-122.2035","woody_perennial","x51_y60","39.5N_122W","142750"
"112667","112667","112667","36.54843","-119.19486","woody_perennial","x51_y51","36.5N_119W","112667"
"156363","156363","156363","36.98669","-120.09542","row","x50_y53","37N_120W","156363"
"365753","365753","365753","36.4474","-119.8277","grass","x50_y51","36.5N_120W","365753"
"421404","421404","421404","39.78913","-122.15397","soil","x51_y61","40N_122W","421404"
"566521","566521","566521","36.54194","-119.21149","row","x51_y51","36.5N_119W","566521"
"141640","141640","141640","37.9507","-121.42891","woody_perennial","x50_y56","38N_121.5W","141640"
"21868","21868","21868","35.65443","-120.89825","woody_perennial","x47_y51","35.5N_121W","21868"
"132924","132924","132924","38.33964","-121.36282","woody_perennial","x50_y57","38.5N_121.5W","132924"
"185906","185906","185906","38.30403","-121.59859","row","x50_y57","38.5N_121.5W","185906"
"115953","115953","115953","39.79837","-122.16382","woody_perennial","x51_y61","40N_122W","115953"
"167124","167124","167124","35.42394","-118.8146","row","x50_y48","35.5N_119W","167124"
"237387","237387","237387","35.29795","-118.81691","woody_perennial","x50_y48","35.5N_119W","237387"
"330825","330825","330825","38.24375","-121.52147","woody_perennial","x50_y57","38N_121.5W","330825"
"20952","20952","20952","38.05714","-122.70233","row","x48_y58","38N_122.5W","20952"
"238136","238136","238136","41.0641","-121.4793","woody_perennial","x54_y62","41N_121.5W","238136"
"16209","16209","16209","37.07208","-120.43948","woody_perennial","x50_y53","37N_120.5W","16209"
"336459","336459","336459","32.76962","-114.62166","woody_perennial","x54_y38","33N_114.5W","336459"
"123992","123992","123992","36.69825","-120.3966","woody_perennial","x49_y53","36.5N_120.5W","123992"
"97471","97471","97471","39.07603","-123.45912","grass","x48_y61","39N_123.5W","97471"
"206146","206146","206146","34.3205","-118.88543","woody_perennial","x49_y46","34.5N_119W","206146"
"445926","445926","445926","32.77892","-114.56097","row","x54_y38","33N_114.5W","445926"
"42796","42796","42796","37.07574","-120.63915","woody_perennial","x50_y54","37N_120.5W","42796"
"212627","212627","212627","36.62483","-120.24141","soil","x50_y52","36.5N_120W","212627"
"466177","466177","466177","33.47426","-117.17242","row","x50_y43","33.5N_117W","466177"
"103819","103819","103819","34.58308","-120.1035","woody_perennial","x47_y48","34.5N_120W","103819"
"174007","174007","174007","36.79872","-119.94999","woody_perennial","x50_y52","37N_120W","174007"
"596269","596269","596269","33.63454","-116.19489","woody_perennial","x52_y42","33.5N_116W","596269"
"79721","79721","79721","38.80377","-122.03213","woody_perennial","x50_y59","39N_122W","79721"
"283414","283414","283414","35.08677","-118.82533","woody_perennial","x50_y48","35N_119W","283414"
"266738","266738","266738","34.89327","-120.35395","woody_perennial","x47_y49","35N_120.5W","266738"
"165090","165090","165090","36.81593","-121.71956","woody_perennial","x48_y54","37N_121.5W","165090"
"601049","601049","601049","39.45291","-122.28165","row","x51_y60","39.5N_122.5W","601049"
"175490","175490","175490","36.31994","-119.93498","row","x50_y51","36.5N_120W","175490"
"280942","280942","280942","35.22215","-119.27268","woody_perennial","x49_y48","35N_119.5W","280942"
"79246","79246","79246","38.87646","-121.45526","row","x51_y58","39N_121.5W","79246"
"386989","386989","386989","37.00928","-121.79323","row","x48_y55","37N_122W","386989"
"112326","112326","112326","33.85022","-117.04869","row","x51_y43","34N_117W","112326"
"242834","242834","242834","39.01279","-122.86897","woody_perennial","x49_y60","39N_123W","242834"
"289681","289681","289681","35.84718","-119.16683","row","x50_y50","36N_119W","289681"
"53113","53113","53113","39.67036","-122.18793","woody_perennial","x51_y60","39.5N_122W","53113"
"146225","146225","146225","32.94042","-115.63442","corn","x52_y40","33N_115.5W","146225"
"583504","583504","583504","38.88388","-121.462","woody_perennial","x51_y58","39N_121.5W","583504"
"21203","21203","21203","41.42147","-122.79464","woody_perennial","x53_y64","41.5N_123W","21203"
"198913","198913","198913","35.32578","-120.74074","woody_perennial","x47_y50","35.5N_120.5W","198913"
"375085","375085","375085","33.54017","-117.0339","woody_perennial","x51_y42","33.5N_117W","375085"
"107464","107464","107464","36.86589","-121.67063","rice","x48_y54","37N_121.5W","107464"
"171033","171033","171033","37.20871","-120.17957","woody_perennial","x51_y53","37N_120W","171033"
"28153","28153","28153","37.02011","-120.29013","woody_perennial","x50_y53","37N_120.5W","28153"
"11155","11155","11155","39.8906","-122.10989","row","x51_y61","40N_122W","11155"
"325697","325697","325697","33.32078","-115.57632","woody_perennial","x53_y40","33.5N_115.5W","325697"
"465908","465908","465908","34.24638","-119.23641","rice","x48_y46","34N_119W","465908"
"499385","499385","499385","41.84503","-121.54151","woody_perennial","x55_y64","42N_121.5W","499385"
"220795","220795","220795","35.61728","-120.35314","corn","x48_y50","35.5N_120.5W","220795"
"288411","288411","288411","32.81655","-115.3521","woody_perennial","x52_y39","33N_115.5W","288411"
"498215","498215","498215","36.05196","-119.13246","woody_perennial","x51_y50","36N_119W","498215"
"463637","463637","463637","38.13377","-121.66797","alfalfa","x50_y57","38N_121.5W","463637"
"60543","60543","60543","39.38588","-121.67729","woody_perennial","x51_y59","39.5N_121.5W","60543"
"161212","161212","161212","38.06927","-121.58665","woody_perennial","x50_y57","38N_121.5W","161212"
"176917","176917","176917","34.41727","-118.94264","woody_perennial","x49_y46","34.5N_119W","176917"
"569366","569366","569366","39.40076","-121.61406","woody_perennial","x51_y59","39.5N_121.5W","569366"
"350921","350921","350921","38.20991","-121.61463","woody_perennial","x50_y57","38N_121.5W","350921"
"285663","285663","285663","32.84062","-115.72154","row","x52_y40","33N_115.5W","285663"
"422442","422442","422442","36.57032","-120.4924","woody_perennial","x49_y52","36.5N_120.5W","422442"
"292442","292442","292442","36.01129","-119.25718","woody_perennial","x50_y50","36N_119.5W","292442"
"385864","385864","385864","34.42965","-119.1862","woody_perennial","x48_y47","34.5N_119W","385864"
"87296","87296","87296","38.01092","-121.44715","woody_perennial","x50_y56","38N_121.5W","87296"
"601919","601919","601919","38.74685","-120.68722","row","x52_y57","38.5N_120.5W","601919"
"527403","527403","527403","36.25495","-119.11291","woody_perennial","x51_y50","36.5N_119W","527403"
"278840","278840","278840","33.44452","-116.85792","woody_perennial","x51_y42","33.5N_117W","278840"
"54899","54899","54899","38.25747","-121.16795","woody_perennial","x50_y56","38.5N_121W","54899"
"10681","10681","10681","39.8818","-122.13683","woody_perennial","x51_y61","40N_122W","10681"
"83472","83472","83472","41.455","-120.59387","woody_perennial","x56_y62","41.5N_120.5W","83472"
"600563","600563","600563","33.30948","-117.02794","woody_perennial","x50_y42","33.5N_117W","600563"
"560257","560257","560257","38.2963","-121.24206","woody_perennial","x50_y57","38.5N_121W","560257"
"576436","576436","576436","36.89289","-121.35281","woody_perennial","x48_y54","37N_121.5W","576436"
"113424","113424","113424","36.46194","-119.42314","woody_perennial","x51_y51","36.5N_119.5W","113424"
"14321","14321","14321","41.03887","-121.37722","woody_perennial","x54_y62","41N_121.5W","14321"
"504300","504300","504300","36.28157","-119.16915","woody_perennial","x51_y50","36.5N_119W","504300"
"126423","126423","126423","36.33457","-119.14768","woody_perennial","x51_y50","36.5N_119W","126423"
"464731","464731","464731","33.51943","-116.14641","row","x52_y41","33.5N_116W","464731"
"314695","314695","314695","34.18176","-119.04055","rice","x48_y46","34N_119W","314695"
"316635","316635","316635","36.72392","-120.70647","row","x49_y53","36.5N_120.5W","316635"
"257805","257805","257805","38.82798","-121.71927","grass","x50_y58","39N_121.5W","257805"
"53538","53538","53538","35.35811","-118.8387","woody_perennial","x50_y48","35.5N_119W","53538"
"497826","497826","497826","36.27695","-119.76733","soil","x50_y51","36.5N_120W","497826"
"411607","411607","411607","35.25746","-119.06647","woody_perennial","x50_y48","35.5N_119W","411607"
"442557","442557","442557","38.3371","-121.28028","row","x50_y57","38.5N_121.5W","442557"
"70692","70692","70692","34.03308","-116.93707","soil","x51_y43","34N_117W","70692"
"186100","186100","186100","37.18778","-122.04214","woody_perennial","x48_y55","37N_122W","186100"
"575831","575831","575831","38.21483","-122.46541","woody_perennial","x48_y58","38N_122.5W","575831"
"146015","146015","146015","38.26733","-122.91939","woody_perennial","x48_y59","38.5N_123W","146015"
"278989","278989","278989","33.62492","-116.19955","woody_perennial","x52_y42","33.5N_116W","278989"
"62645","62645","62645","38.82659","-121.6599","woody_perennial","x51_y58","39N_121.5W","62645"
"125912","125912","125912","39.83966","-122.04061","woody_perennial","x51_y60","40N_122W","125912"
"284054","284054","284054","34.93415","-118.29071","woody_perennial","x50_y47","35N_118.5W","284054"
"379260","379260","379260","35.81772","-119.05501","woody_perennial","x50_y49","36N_119W","379260"
"305969","305969","305969","33.52912","-114.668","woody_perennial","x55_y40","33.5N_114.5W","305969"
"433327","433327","433327","37.97836","-121.43097","row","x50_y56","38N_121.5W","433327"
"152582","152582","152582","33.74613","-118.04901","woody_perennial","x49_y44","33.5N_118W","152582"
"481242","481242","481242","36.55634","-119.48211","alfalfa","x51_y51","36.5N_119.5W","481242"
"516165","516165","516165","38.89591","-121.23568","woody_perennial","x51_y58","39N_121W","516165"
"67207","67207","67207","34.03251","-118.067","woody_perennial","x49_y45","34N_118W","67207"
"393129","393129","393129","34.19327","-119.14928","woody_perennial","x48_y46","34N_119W","393129"
"467","467","467","33.07692","-115.6968","grass","x52_y40","33N_115.5W","467"
"59953","59953","59953","39.05625","-121.86478","woody_perennial","x51_y59","39N_122W","59953"
"56814","56814","56814","33.53538","-116.14975","woody_perennial","x52_y41","33.5N_116W","56814"
"385995","385995","385995","36.89384","-119.84619","grass","x51_y52","37N_120W","385995"
"227535","227535","227535","41.7734","-120.17874","woody_perennial","x57_y62","42N_120W","227535"
"245564","245564","245564","34.67081","-120.33338","woody_perennial","x47_y49","34.5N_120.5W","245564"
"302920","302920","302920","33.83048","-117.01924","woody_perennial","x51_y43","34N_117W","302920"
"405349","405349","405349","36.12868","-119.18184","alfalfa","x51_y50","36N_119W","405349"
"275216","275216","275216","40.41044","-120.44863","woody_perennial","x55_y60","40.5N_120.5W","275216"
"222888","222888","222888","35.48988","-120.85172","row","x47_y51","35.5N_121W","222888"
"290316","290316","290316","36.42504","-121.38641","row","x48_y53","36.5N_121.5W","290316"
"522162","522162","522162","36.38953","-119.24837","alfalfa","x51_y51","36.5N_119W","522162"
"1413","1413","1413","34.40541","-118.83638","corn","x49_y46","34.5N_119W","1413"
"424468","424468","424468","36.61008","-120.04987","row","x50_y52","36.5N_120W","424468"
"97090","97090","97090","38.90876","-121.81386","woody_perennial","x50_y58","39N_122W","97090"
"416988","416988","416988","36.34578","-119.19014","corn","x51_y51","36.5N_119W","416988"
"73990","73990","73990","41.86591","-121.37614","woody_perennial","x55_y64","42N_121.5W","73990"
"471137","471137","471137","36.64161","-119.4205","corn","x51_y51","36.5N_119.5W","471137"
"400213","400213","400213","35.32703","-118.9432","woody_perennial","x50_y48","35.5N_119W","400213"
"545329","545329","545329","36.50015","-119.79258","row","x50_y52","36.5N_120W","545329"
"277872","277872","277872","36.34202","-120.11747","rice","x49_y52","36.5N_120W","277872"
"325871","325871","325871","36.95151","-121.77678","woody_perennial","x48_y55","37N_122W","325871"
"65808","65808","65808","36.7073","-119.86303","woody_perennial","x50_y52","36.5N_120W","65808"
"268923","268923","268923","38.30068","-122.51201","woody_perennial","x49_y58","38.5N_122.5W","268923"
"122879","122879","122879","38.40588","-121.60119","woody_perennial","x50_y57","38.5N_121.5W","122879"
"418926","418926","418926","38.14669","-121.44019","row","x50_y57","38N_121.5W","418926"
"319454","319454","319454","37.5769","-120.84541","corn","x50_y55","37.5N_121W","319454"
"430158","430158","430158","36.43596","-119.63738","woody_perennial","x50_y51","36.5N_119.5W","430158"
"377910","377910","377910","40.94351","-123.62011","row","x51_y64","41N_123.5W","377910"
